accuracy,precision_macro,recall_macro,f1_macro,precision_weighted,recall_weighted,f1_weighted,fpr_macro,fpr_attack_positive,auc,auc_attack_positive,loss,seed,model,variant,dataset,seq_len,leakage_protocol,split_policy,record_order,training_seconds,hidden_channels,focal_gamma,dropout,learning_rate,_path,relative_path,family
0.9032668736606101,0.8245246516825961,0.7328444064880055,0.7674643499941882,0.8945908579709418,0.9032668736606101,0.8953491445389945,0.2671555935119944,0.030341998689366042,0.7709246381309331,0.7709246381309331,0.3556550255665886,42,ms_atcn,full,cic_ids2017,16,clean,default,original,2069.0366903468966,64.0,2.0,0.1,0.0005,/root/autodl-tmp/ms-ATCN/results/revision_required/main/cic_ids2017/ms_atcn/seed_42/metrics.json,main/cic_ids2017/ms_atcn/seed_42/metrics.json,main
0.8916110871425641,0.7823517756402745,0.7337030002197584,0.754412482982461,0.8837793429044862,0.8916110871425641,0.8865110809917585,0.2662969997802415,0.04687298640834199,0.7817214890733287,0.7817214890733287,0.31433448436741207,43,ms_atcn,full,cic_ids2017,16,clean,default,original,2028.9219365864992,64.0,2.0,0.1,0.0005,/root/autodl-tmp/ms-ATCN/results/revision_required/main/cic_ids2017/ms_atcn/seed_43/metrics.json,main/cic_ids2017/ms_atcn/seed_43/metrics.json,main
0.9159599874577702,0.8757876926476474,0.7444486384909846,0.7903293224598598,0.9106825132257208,0.9159599874577702,0.9071277232385704,0.25555136150901536,0.017224691466347142,0.9156589833543464,0.9156589833543464,0.3200611845409805,44,ms_atcn,full,cic_ids2017,16,clean,default,original,3034.3156672120094,64.0,2.0,0.1,0.0005,/root/autodl-tmp/ms-ATCN/results/revision_required/main/cic_ids2017/ms_atcn/seed_44/metrics.json,main/cic_ids2017/ms_atcn/seed_44/metrics.json,main
0.8915780812745924,0.782591126415991,0.7324169054020482,0.7536567094536668,0.8835533857427638,0.8915780812745924,0.8863064396516911,0.26758309459795193,0.046417829008881056,0.8797173037466223,0.8797173037466223,0.21464343046724813,45,ms_atcn,full,cic_ids2017,16,clean,default,original,1746.6531883329153,64.0,2.0,0.1,0.0005,/root/autodl-tmp/ms-ATCN/results/revision_required/main/cic_ids2017/ms_atcn/seed_45/metrics.json,main/cic_ids2017/ms_atcn/seed_45/metrics.json,main
0.9133124453340312,0.8547983024688737,0.752199665389317,0.7908495824762786,0.9067377269485262,0.9133124453340312,0.9060228769178394,0.24780033461068304,0.02392318259214881,0.892194071323374,0.892194071323374,0.2706242478654464,46,ms_atcn,full,cic_ids2017,16,clean,default,original,1886.5503383427858,64.0,2.0,0.1,0.0005,/root/autodl-tmp/ms-ATCN/results/revision_required/main/cic_ids2017/ms_atcn/seed_46/metrics.json,main/cic_ids2017/ms_atcn/seed_46/metrics.json,main
0.9040613720539316,0.8198783299927238,0.7462428899708093,0.7758245153664421,0.8962730185129165,0.9040613720539316,0.8978416180864637,0.2537571100291907,0.034457608668829125,0.8467843275507162,0.8467843275507162,0.22858665197353542,47,ms_atcn,full,cic_ids2017,16,clean,default,original,2051.140845529735,64.0,2.0,0.1,0.0005,/root/autodl-tmp/ms-ATCN/results/revision_required/main/cic_ids2017/ms_atcn/seed_47/metrics.json,main/cic_ids2017/ms_atcn/seed_47/metrics.json,main
0.9215615547649865,0.9105251681364597,0.7439897857957521,0.7979574897047029,0.9199280336379638,0.9215615547649865,0.911683020541849,0.25601021420424785,0.009262178887825637,0.8749159465128693,0.8749159465128693,0.5511222659698413,42,mlp,full,cic_ids2017,16,clean,default,original,1155.3891041874886,64.0,2.0,0.1,0.0005,/root/autodl-tmp/ms-ATCN/results/revision_required/main/cic_ids2017/mlp/seed_42/metrics.json,main/cic_ids2017/mlp/seed_42/metrics.json,main
0.919526978760724,0.8984775172869766,0.743165606154487,0.7945970084124842,0.9165085293069312,0.919526978760724,0.9098777916591204,0.256834393845513,0.011768286496905752,0.8487352292136799,0.8487352292136799,0.5518268287423534,43,mlp,full,cic_ids2017,16,clean,default,original,867.507562533021,64.0,2.0,0.1,0.0005,/root/autodl-tmp/ms-ATCN/results/revision_required/main/cic_ids2017/mlp/seed_43/metrics.json,main/cic_ids2017/mlp/seed_43/metrics.json,main
0.9164786510973272,0.8836131157297256,0.7403372088229333,0.7887819740888188,0.9119235796200527,0.9164786510973272,0.9069705515445633,0.2596627911770667,0.01490229196427837,0.8437157697502693,0.8437157697502693,0.6633410402382175,44,mlp,full,cic_ids2017,16,clean,default,original,992.6738304570317,64.0,2.0,0.1,0.0005,/root/autodl-tmp/ms-ATCN/results/revision_required/main/cic_ids2017/mlp/seed_44/metrics.json,main/cic_ids2017/mlp/seed_44/metrics.json,main
0.9199065462423998,0.9062016524718308,0.7396067407978076,0.7931637783919021,0.917860481047527,0.9199065462423998,0.9096823385152992,0.2603932592021923,0.009854431889533848,0.8416844458305338,0.8416844458305338,0.5795321941830058,45,mlp,full,cic_ids2017,16,clean,default,original,1596.237339667976,64.0,2.0,0.1,0.0005,/root/autodl-tmp/ms-ATCN/results/revision_required/main/cic_ids2017/mlp/seed_45/metrics.json,main/cic_ids2017/mlp/seed_45/metrics.json,main
0.9194774699587662,0.902829738399876,0.7399484474706357,0.7927467693786681,0.9170197376070792,0.9194774699587662,0.9093771760969968,0.2600515525293643,0.01058378049348933,0.8388870581186201,0.8388870581186201,0.6191379237136774,46,mlp,full,cic_ids2017,16,clean,default,original,871.6170615404844,64.0,2.0,0.1,0.0005,/root/autodl-tmp/ms-ATCN/results/revision_required/main/cic_ids2017/mlp/seed_46/metrics.json,main/cic_ids2017/mlp/seed_46/metrics.json,main
0.9051764988789792,0.858056523893246,0.7059211674816782,0.7530264328883559,0.8979438771850284,0.9051764988789792,0.8925287841427001,0.2940788325183218,0.017200014257942632,0.7151492787418166,0.7151492787418166,0.6197666755452867,42,cnn,full,cic_ids2017,16,clean,default,original,912.0135129392147,64.0,2.0,0.1,0.0005,/root/autodl-tmp/ms-ATCN/results/revision_required/main/cic_ids2017/cnn/seed_42/metrics.json,main/cic_ids2017/cnn/seed_42/metrics.json,main
0.9170656840348259,0.899974063847852,0.7312049694872471,0.7843603487631741,0.9144564444192211,0.9170656840348259,0.9060990656248535,0.26879503051275283,0.010528942252590422,0.8728331805915361,0.8728331805915361,0.45033334182017953,42,lstm,full,cic_ids2017,16,clean,default,original,955.4638925939798,64.0,2.0,0.1,0.0005,/root/autodl-tmp/ms-ATCN/results/revision_required/main/cic_ids2017/lstm/seed_42/metrics.json,main/cic_ids2017/lstm/seed_42/metrics.json,main
0.9110774765599399,0.8857263779595601,0.7137305186924395,0.7655452394394036,0.907037430806876,0.9110774765599399,0.8984771810683839,0.28626948130756047,0.012042477701400295,0.8513055032044894,0.8513055032044894,0.5684702668848155,42,gru,full,cic_ids2017,16,clean,default,original,922.0001207888126,64.0,2.0,0.1,0.0005,/root/autodl-tmp/ms-ATCN/results/revision_required/main/cic_ids2017/gru/seed_42/metrics.json,main/cic_ids2017/gru/seed_42/metrics.json,main
0.9174853300704675,0.8956547714087704,0.7359816914542856,0.7877139717536298,0.9142673337631227,0.9174853300704675,0.9071596247002767,0.26401830854571445,0.011806673265534988,0.891598378042437,0.891598378042437,0.4104193586836051,42,tcn,full,cic_ids2017,16,clean,default,original,2719.865629300475,64.0,2.0,0.1,0.0005,/root/autodl-tmp/ms-ATCN/results/revision_required/main/cic_ids2017/tcn/seed_42/metrics.json,main/cic_ids2017/tcn/seed_42/metrics.json,main
0.8629549210570365,0.9286602074983018,0.5112168152288625,0.48505089375088634,0.8810744107010817,0.8629549210570365,0.8025139056348208,0.48878318477113747,1.9193384314617955e-05,0.9713915626807991,0.9713915626807991,,42,xgboost,full,cic_ids2017,16,clean,default,original,712.8984034880996,,,,,/root/autodl-tmp/ms-ATCN/results/revision_required/main/cic_ids2017/xgboost/seed_42/metrics.json,main/cic_ids2017/xgboost/seed_42/metrics.json,main
0.8631034474629097,0.9260614125667892,0.51180290769034,0.4862249483372997,0.880448211816954,0.8631034474629097,0.8028953000598769,0.48819709230965996,4.1128680674181336e-05,0.9726439010786233,0.9726439010786233,,43,xgboost,full,cic_ids2017,16,clean,default,original,728.2323901876807,,,,,/root/autodl-tmp/ms-ATCN/results/revision_required/main/cic_ids2017/xgboost/seed_43/metrics.json,main/cic_ids2017/xgboost/seed_43/metrics.json,main
0.863233113372799,0.9266456704958789,0.5122583807015948,0.48712353689749016,0.8806915552390236,0.863233113372799,0.8031939164827847,0.4877416192984052,3.838676862923591e-05,0.972861825050334,0.972861825050334,,44,xgboost,full,cic_ids2017,16,clean,default,original,725.5193571597338,,,,,/root/autodl-tmp/ms-ATCN/results/revision_required/main/cic_ids2017/xgboost/seed_44/metrics.json,main/cic_ids2017/xgboost/seed_44/metrics.json,main
0.8627993219651694,0.9242766306223391,0.510739223360064,0.48412169623115836,0.87976215988097,0.8627993219651694,0.802196063635922,0.489260776639936,4.93544168090176e-05,0.9769451114293498,0.9769451114293498,,45,xgboost,full,cic_ids2017,16,clean,default,original,733.7573567926884,,,,,/root/autodl-tmp/ms-ATCN/results/revision_required/main/cic_ids2017/xgboost/seed_45/metrics.json,main/cic_ids2017/xgboost/seed_45/metrics.json,main
0.8628818366350989,0.9248590351015307,0.5110265104249364,0.48469024383148995,0.8799755774697664,0.8628818366350989,0.8023852113168479,0.4889734895750636,4.661250476407218e-05,0.9705336429213381,0.9705336429213381,,46,xgboost,full,cic_ids2017,16,clean,default,original,735.3361207023263,,,,,/root/autodl-tmp/ms-ATCN/results/revision_required/main/cic_ids2017/xgboost/seed_46/metrics.json,main/cic_ids2017/xgboost/seed_46/metrics.json,main
0.8673352712492957,0.931306913736988,0.5268764813542633,0.51521917379684,0.8845623342642197,0.8673352712492957,0.8125472185866169,0.4731235186457367,3.2902944539345065e-05,0.9835565406913576,0.9835565406913576,,42,lightgbm,full,cic_ids2017,16,clean,default,original,431.49596639722586,,,,,/root/autodl-tmp/ms-ATCN/results/revision_required/main/cic_ids2017/lightgbm/seed_42/metrics.json,main/cic_ids2017/lightgbm/seed_42/metrics.json,main
0.8669061949656621,0.9313336934832187,0.525331912559591,0.51231891540285,0.884297901400145,0.8669061949656621,0.8115796579656546,0.47466808744040906,2.7419120449454223e-05,0.9823219794598479,0.9823219794598479,,43,lightgbm,full,cic_ids2017,16,clean,default,original,443.01966665685177,,,,,/root/autodl-tmp/ms-ATCN/results/revision_required/main/cic_ids2017/lightgbm/seed_43/metrics.json,main/cic_ids2017/lightgbm/seed_43/metrics.json,main
0.8634240758946359,0.9190541179704845,0.5131225306581558,0.4888688009761048,0.878714398396815,0.8634240758946359,0.8037482900016584,0.4868774693418441,0.00010967648179781689,0.9260862425794788,0.9260862425794788,,44,lightgbm,full,cic_ids2017,16,clean,default,original,439.08213874697685,,,,,/root/autodl-tmp/ms-ATCN/results/revision_required/main/cic_ids2017/lightgbm/seed_44/metrics.json,main/cic_ids2017/lightgbm/seed_44/metrics.json,main
0.8649541336313292,0.927633514292346,0.5184393977923293,0.49919821712234896,0.8820501256634349,0.8649541336313292,0.8071968799111,0.48156060220767066,5.4838240898908446e-05,0.9802433158231649,0.9802433158231649,,45,lightgbm,full,cic_ids2017,16,clean,default,original,439.7453602105379,,,,,/root/autodl-tmp/ms-ATCN/results/revision_required/main/cic_ids2017/lightgbm/seed_45/metrics.json,main/cic_ids2017/lightgbm/seed_45/metrics.json,main
0.8637847828803278,0.926108216172217,0.5142613479807512,0.49107194612147037,0.8808909863132752,0.8637847828803278,0.8044983565103726,0.4857386520192489,5.209632885396302e-05,0.9770086661172394,0.9770086661172394,,46,lightgbm,full,cic_ids2017,16,clean,default,original,450.06051728874445,,,,,/root/autodl-tmp/ms-ATCN/results/revision_required/main/cic_ids2017/lightgbm/seed_46/metrics.json,main/cic_ids2017/lightgbm/seed_46/metrics.json,main
0.7658573394291802,0.7930083270963542,0.7857601208514561,0.7655705383407447,0.8110453730034713,0.7658573394291802,0.7644353446924833,0.2142398791485439,0.07047913446676969,0.8870950566669977,0.8870950566669977,0.9603996000941136,42,ms_atcn,full,nsl_kdd,16,clean,default,original,334.737709634006,64.0,2.0,0.1,0.0005,/root/autodl-tmp/ms-ATCN/results/revision_required/main/nsl_kdd/ms_atcn/seed_42/metrics.json,main/nsl_kdd/ms_atcn/seed_42/metrics.json,main
0.7644369479337743,0.7924522559641038,0.7846377646176685,0.7641090142048488,0.8106601629752723,0.7644369479337743,0.7628913650375645,0.21536223538233146,0.06944873776403915,0.8896207298075511,0.8896207298075511,0.9500335584314815,43,ms_atcn,full,nsl_kdd,16,clean,default,original,296.8313377574086,64.0,2.0,0.1,0.0005,/root/autodl-tmp/ms-ATCN/results/revision_required/main/nsl_kdd/ms_atcn/seed_43/metrics.json,main/nsl_kdd/ms_atcn/seed_43/metrics.json,main
0.7556926627901815,0.7863276888127199,0.7767688972216249,0.7552035824913732,0.8049426598168689,0.7556926627901815,0.7536887449025119,0.223231102778375,0.07099433281813497,0.8998360316164019,0.8998360316164019,0.8971361526908505,44,ms_atcn,full,nsl_kdd,16,clean,default,original,299.0264741331339,64.0,2.0,0.1,0.0005,/root/autodl-tmp/ms-ATCN/results/revision_required/main/nsl_kdd/ms_atcn/seed_44/metrics.json,main/nsl_kdd/ms_atcn/seed_44/metrics.json,main
0.7545829819343957,0.7858515958954814,0.7758693449910218,0.7540548341551244,0.8045815376939499,0.7545829819343957,0.7524769673701177,0.2241306550089782,0.07037609479649663,0.895444315189545,0.895444315189545,1.0480628781191537,45,ms_atcn,full,nsl_kdd,16,clean,default,original,286.3403495848179,64.0,2.0,0.1,0.0005,/root/autodl-tmp/ms-ATCN/results/revision_required/main/nsl_kdd/ms_atcn/seed_45/metrics.json,main/nsl_kdd/ms_atcn/seed_45/metrics.json,main
0.7606640330241022,0.7893829434175819,0.7810981181279434,0.7602907790569493,0.8076746080116727,0.7606640330241022,0.7589812412351831,0.2189018818720566,0.07130345182895413,0.8998924045364453,0.8998924045364453,1.0761112682331662,46,ms_atcn,full,nsl_kdd,16,clean,default,original,304.73262686282396,64.0,2.0,0.1,0.0005,/root/autodl-tmp/ms-ATCN/results/revision_required/main/nsl_kdd/ms_atcn/seed_46/metrics.json,main/nsl_kdd/ms_atcn/seed_46/metrics.json,main
0.748191220205069,0.7831042142758379,0.7706558462157026,0.747411140427136,0.8024699671669507,0.748191220205069,0.7454677947183715,0.22934415378429737,0.06707882534775887,0.8952406021296364,0.8952406021296364,2.2816232388619286,42,mlp,full,nsl_kdd,16,clean,default,original,91.05436599254608,64.0,2.0,0.1,0.0005,/root/autodl-tmp/ms-ATCN/results/revision_required/main/nsl_kdd/mlp/seed_42/metrics.json,main/nsl_kdd/mlp/seed_42/metrics.json,main
0.7764658884104931,0.7971477468116338,0.7940009683672069,0.7764032754400614,0.8138032377367972,0.7764658884104931,0.7758852652151901,0.20599903163279307,0.07934054611025243,0.9025453024227179,0.9025453024227179,1.057916175782536,42,cnn,full,nsl_kdd,16,clean,default,original,200.14883184432983,64.0,2.0,0.1,0.0005,/root/autodl-tmp/ms-ATCN/results/revision_required/main/nsl_kdd/cnn/seed_42/metrics.json,main/nsl_kdd/cnn/seed_42/metrics.json,main
0.7654578543210973,0.7941944414708235,0.7859104339075722,0.7651018995146819,0.8125875084357316,0.7654578543210973,0.7638359667424929,0.21408956609242777,0.06635754765584749,0.9097007261629164,0.9097007261629164,1.1964075377269594,42,lstm,full,nsl_kdd,16,clean,default,original,186.44236904382706,64.0,2.0,0.1,0.0005,/root/autodl-tmp/ms-ATCN/results/revision_required/main/nsl_kdd/lstm/seed_42/metrics.json,main/nsl_kdd/lstm/seed_42/metrics.json,main
0.7655022415553286,0.7933518223350071,0.7856486927364104,0.7651850639166622,0.8115429935291049,0.7655022415553286,0.7639902848647289,0.21435130726358964,0.06883049974240081,0.9162171095026296,0.9162171095026296,1.2359492821958968,42,gru,full,nsl_kdd,16,clean,default,original,176.48074112087488,64.0,2.0,0.1,0.0005,/root/autodl-tmp/ms-ATCN/results/revision_required/main/nsl_kdd/gru/seed_42/metrics.json,main/nsl_kdd/gru/seed_42/metrics.json,main
0.7663012117714946,0.7935435050902687,0.7862377278820656,0.7660120372341921,0.8116104225602362,0.7663012117714946,0.7648732299338811,0.21376227211793442,0.06975785677485831,0.9172399091991027,0.9172399091991027,1.1799810866218965,43,gru,full,nsl_kdd,16,clean,default,original,187.09680818021297,64.0,2.0,0.1,0.0005,/root/autodl-tmp/ms-ATCN/results/revision_required/main/nsl_kdd/gru/seed_43/metrics.json,main/nsl_kdd/gru/seed_43/metrics.json,main
0.7586666074836876,0.7892952350561189,0.7797445694461987,0.7581920948857223,0.8079718116735994,0.7586666074836876,0.756709124151199,0.22025543055380123,0.06800618238021637,0.9137965651086336,0.9137965651086336,1.2060629203763469,44,gru,full,nsl_kdd,16,clean,default,original,109.49968099594116,64.0,2.0,0.1,0.0005,/root/autodl-tmp/ms-ATCN/results/revision_required/main/nsl_kdd/gru/seed_44/metrics.json,main/nsl_kdd/gru/seed_44/metrics.json,main
0.7613742287718053,0.7914179658609993,0.78226075737693,0.7609410587669068,0.8100215822956225,0.7613742287718053,0.7595322399501412,0.21773924262306987,0.06687274600721277,0.9118755228716892,0.9118755228716892,1.1830570546266026,45,gru,full,nsl_kdd,16,clean,default,original,139.5988650918007,64.0,2.0,0.1,0.0005,/root/autodl-tmp/ms-ATCN/results/revision_required/main/nsl_kdd/gru/seed_45/metrics.json,main/nsl_kdd/gru/seed_45/metrics.json,main
0.7573793776909761,0.7878445403657264,0.7784008595102627,0.756907111429179,0.8064578297648539,0.7573793776909761,0.7554237292836147,0.2215991404897373,0.06975785677485831,0.9216564695639261,0.9216564695639261,1.221355082390391,46,gru,full,nsl_kdd,16,clean,default,original,175.37481800466776,64.0,2.0,0.1,0.0005,/root/autodl-tmp/ms-ATCN/results/revision_required/main/nsl_kdd/gru/seed_46/metrics.json,main/nsl_kdd/gru/seed_46/metrics.json,main
0.7580451862044476,0.7880805036624516,0.7789230482322719,0.7575976752557141,0.8066126807448482,0.7580451862044476,0.7561557468992057,0.22107695176772812,0.07027305512622359,0.8783127768226949,0.8783127768226949,1.5573170200465245,42,tcn,full,nsl_kdd,16,clean,default,original,296.7378052547574,64.0,2.0,0.1,0.0005,/root/autodl-tmp/ms-ATCN/results/revision_required/main/nsl_kdd/tcn/seed_42/metrics.json,main/nsl_kdd/tcn/seed_42/metrics.json,main
0.789915220382618,0.8242953483454525,0.8122303404262294,0.7894150151251929,0.8444706294585438,0.789915220382618,0.7879941224130719,0.18776965957377056,0.026584234930448217,0.9667543194866144,0.9667543194866144,,42,xgboost,full,nsl_kdd,16,clean,default,original,17.190928108990192,,,,,/root/autodl-tmp/ms-ATCN/results/revision_required/main/nsl_kdd/xgboost/seed_42/metrics.json,main/nsl_kdd/xgboost/seed_42/metrics.json,main
0.7911136757068667,0.8249600049834993,0.8132705236478615,0.7906423072642594,0.8450411731428712,0.7911136757068667,0.7892670049513577,0.18672947635213855,0.026687274600721272,0.9672160615898256,0.9672160615898256,,43,xgboost,full,nsl_kdd,16,clean,default,original,16.818282887339592,,,,,/root/autodl-tmp/ms-ATCN/results/revision_required/main/nsl_kdd/xgboost/seed_43/metrics.json,main/nsl_kdd/xgboost/seed_43/metrics.json,main
0.7905810288960895,0.8247290141971872,0.8128277117897502,0.7900941733289939,0.8448665763363675,0.7905810288960895,0.7886946318416469,0.18717228821024975,0.02648119526017516,0.9655641646924895,0.9655641646924895,,44,xgboost,full,nsl_kdd,16,clean,default,original,16.665078915655613,,,,,/root/autodl-tmp/ms-ATCN/results/revision_required/main/nsl_kdd/xgboost/seed_44/metrics.json,main/nsl_kdd/xgboost/seed_44/metrics.json,main
0.7923121310311154,0.8256687052584025,0.8143232373097454,0.7918668924640142,0.8456646989187732,0.7923121310311154,0.7905341678087467,0.18567676269025457,0.026687274600721272,0.9671518626686245,0.9671518626686245,,45,xgboost,full,nsl_kdd,16,clean,default,original,16.506734430789948,,,,,/root/autodl-tmp/ms-ATCN/results/revision_required/main/nsl_kdd/xgboost/seed_45/metrics.json,main/nsl_kdd/xgboost/seed_45/metrics.json,main
0.7904478671933952,0.8244425070777697,0.8126480914038368,0.7899669821561406,0.8445428448596397,0.7904478671933952,0.7885756273962176,0.1873519085961632,0.026996393611540437,0.9660232874154366,0.9660232874154366,,46,xgboost,full,nsl_kdd,16,clean,default,original,16.900587126612663,,,,,/root/autodl-tmp/ms-ATCN/results/revision_required/main/nsl_kdd/xgboost/seed_46/metrics.json,main/nsl_kdd/xgboost/seed_46/metrics.json,main
0.7900927693195438,0.8241083370857725,0.8122985849240043,0.7896092762329141,0.8442058093083273,0.7900927693195438,0.7882129661058795,0.18770141507599575,0.027305512622359602,0.9645404369640516,0.9645404369640516,,42,lightgbm,full,nsl_kdd,16,clean,default,original,10.84652654826641,,,,,/root/autodl-tmp/ms-ATCN/results/revision_required/main/nsl_kdd/lightgbm/seed_42/metrics.json,main/nsl_kdd/lightgbm/seed_42/metrics.json,main
0.7900039948510809,0.8242641106461963,0.8122832583354948,0.7895094632801614,0.8444144597250131,0.7900039948510809,0.7880969688024161,0.18771674166450525,0.026790314270994327,0.9653385524886844,0.9653385524886844,,43,lightgbm,full,nsl_kdd,16,clean,default,original,10.882043719291687,,,,,/root/autodl-tmp/ms-ATCN/results/revision_required/main/nsl_kdd/lightgbm/seed_43/metrics.json,main/nsl_kdd/lightgbm/seed_43/metrics.json,main
0.7896488969772294,0.824096903229169,0.8119838736166699,0.789144393094575,0.8442816358047466,0.7896488969772294,0.7877164914521078,0.18801612638333004,0.026687274600721272,0.9637573868933924,0.9637573868933924,,44,lightgbm,full,nsl_kdd,16,clean,default,original,10.524359337985516,,,,,/root/autodl-tmp/ms-ATCN/results/revision_required/main/nsl_kdd/lightgbm/seed_44/metrics.json,main/nsl_kdd/lightgbm/seed_44/metrics.json,main
0.7894269608060722,0.8238827463299808,0.8117638657617432,0.7889210054337642,0.8440644543204167,0.7894269608060722,0.7874902939140647,0.18823613423825689,0.026893353941267382,0.9641696741330253,0.9641696741330253,,45,lightgbm,full,nsl_kdd,16,clean,default,original,10.614121064543724,,,,,/root/autodl-tmp/ms-ATCN/results/revision_required/main/nsl_kdd/lightgbm/seed_45/metrics.json,main/nsl_kdd/lightgbm/seed_45/metrics.json,main
0.7896045097429979,0.8240289890635812,0.8119323537815334,0.7891008169866615,0.8442075177237766,0.7896045097429979,0.7876739162536793,0.18806764621846656,0.026790314270994327,0.9660701871780212,0.9660701871780212,,46,lightgbm,full,nsl_kdd,16,clean,default,original,10.816675215959549,,,,,/root/autodl-tmp/ms-ATCN/results/revision_required/main/nsl_kdd/lightgbm/seed_46/metrics.json,main/nsl_kdd/lightgbm/seed_46/metrics.json,main
0.9352746091329859,0.9344068719188563,0.9387293721268782,0.9350319316284836,0.938630197007101,0.9352746091329859,0.9354345611514571,0.061270627873121764,0.02720021630390699,0.9912020487103448,0.9912020487103448,0.033764285694921216,42,ms_atcn,full,unsw_nb15,16,clean,default,original,120.97105035930872,64.0,2.0,0.1,0.0005,/root/autodl-tmp/ms-ATCN/results/revision_required/main/unsw_nb15/ms_atcn/seed_42/metrics.json,main/unsw_nb15/ms_atcn/seed_42/metrics.json,main
0.8938858316022207,0.9013956828516099,0.9024604107176124,0.8938807076233037,0.9100982690488403,0.8938858316022207,0.8939554800918696,0.09753958928238762,0.0129782344193592,0.9894590089316381,0.9894590089316381,0.058660291590987984,43,ms_atcn,full,unsw_nb15,16,clean,default,original,151.64103004336357,64.0,2.0,0.1,0.0005,/root/autodl-tmp/ms-ATCN/results/revision_required/main/unsw_nb15/ms_atcn/seed_43/metrics.json,main/unsw_nb15/ms_atcn/seed_43/metrics.json,main
0.9259448230620649,0.9255218649521424,0.9299075493687532,0.9257183742187101,0.9302734549165075,0.9259448230620649,0.926134252875582,0.07009245063124685,0.031012572664593754,0.9893250151577232,0.9893250151577232,0.037866888829910295,44,ms_atcn,full,unsw_nb15,16,clean,default,original,142.66134405136108,64.0,2.0,0.1,0.0005,/root/autodl-tmp/ms-ATCN/results/revision_required/main/unsw_nb15/ms_atcn/seed_44/metrics.json,main/unsw_nb15/ms_atcn/seed_44/metrics.json,main
0.9045397669983114,0.9112442392116145,0.9128479063887727,0.9045289798015447,0.9197272208039202,0.9045397669983114,0.9046318834945867,0.0871520936112273,0.005218331756117345,0.9962760914768652,0.9962760914768652,0.038718181339371285,45,ms_atcn,full,unsw_nb15,16,clean,default,original,159.22246750444174,64.0,2.0,0.1,0.0005,/root/autodl-tmp/ms-ATCN/results/revision_required/main/unsw_nb15/ms_atcn/seed_45/metrics.json,main/unsw_nb15/ms_atcn/seed_45/metrics.json,main
0.916566444355358,0.9182033321880106,0.9222513870627603,0.9164492468547939,0.9244679368368651,0.916566444355358,0.9167665506294317,0.07774861293723964,0.021684466675679328,0.9894394616804033,0.9894394616804033,0.041787274695560934,46,ms_atcn,full,unsw_nb15,16,clean,default,original,131.45517826080322,64.0,2.0,0.1,0.0005,/root/autodl-tmp/ms-ATCN/results/revision_required/main/unsw_nb15/ms_atcn/seed_46/metrics.json,main/unsw_nb15/ms_atcn/seed_46/metrics.json,main
0.8821628582188369,0.8866892942059348,0.8892552688141593,0.8821146291006854,0.8942201216295557,0.8821628582188369,0.8823564119530644,0.11074473118584077,0.04080032445586049,0.9691427976535568,0.9691427976535568,0.36329978615342007,42,mlp,full,unsw_nb15,16,clean,default,original,95.94715997576714,64.0,2.0,0.1,0.0005,/root/autodl-tmp/ms-ATCN/results/revision_required/main/unsw_nb15/mlp/seed_42/metrics.json,main/unsw_nb15/mlp/seed_42/metrics.json,main
0.9345092751193557,0.933233159798879,0.9349055014194705,0.9339637196152184,0.9348429126445823,0.9345092751193557,0.9345723472272252,0.06509449858052947,0.0611869676896039,0.9842715541741336,0.9842715541741336,0.15911495878572873,42,cnn,full,unsw_nb15,16,clean,default,original,62.551323004066944,64.0,2.0,0.1,0.0005,/root/autodl-tmp/ms-ATCN/results/revision_required/main/unsw_nb15/cnn/seed_42/metrics.json,main/unsw_nb15/cnn/seed_42/metrics.json,main
0.9462686929795789,0.9455766808993551,0.9458884647670116,0.9457296356295417,0.9462932452007605,0.9462686929795789,0.9462780890304145,0.05411153523298841,0.0578612951196431,0.9877545662213073,0.9877545662213073,0.14827897869974357,43,cnn,full,unsw_nb15,16,clean,default,original,63.249984569847584,64.0,2.0,0.1,0.0005,/root/autodl-tmp/ms-ATCN/results/revision_required/main/unsw_nb15/cnn/seed_43/metrics.json,main/unsw_nb15/cnn/seed_43/metrics.json,main
0.9276212689966835,0.9261227415786035,0.9287736146546994,0.9271214563919462,0.9284885839010385,0.9276212689966835,0.9277334463892679,0.07122638534530056,0.059862106259294307,0.9832028134466719,0.9832028134466719,0.17408116176600016,44,cnn,full,unsw_nb15,16,clean,default,original,62.83334919810295,64.0,2.0,0.1,0.0005,/root/autodl-tmp/ms-ATCN/results/revision_required/main/unsw_nb15/cnn/seed_44/metrics.json,main/unsw_nb15/cnn/seed_44/metrics.json,main
0.9047705820182951,0.9084646330857765,0.9116137017254676,0.9047112535107298,0.9157385760582387,0.9047705820182951,0.9049523513942002,0.08838629827453234,0.020900365012843043,0.9870102425854854,0.9870102425854854,0.2064285213638468,45,cnn,full,unsw_nb15,16,clean,default,original,61.37493832409382,64.0,2.0,0.1,0.0005,/root/autodl-tmp/ms-ATCN/results/revision_required/main/unsw_nb15/cnn/seed_45/metrics.json,main/unsw_nb15/cnn/seed_45/metrics.json,main
0.9251187482537021,0.924167325547235,0.9283410506793369,0.9248264484467315,0.9283056920562928,0.9251187482537021,0.9253017701862181,0.07165894932066308,0.03988103285115587,0.985266176923517,0.985266176923517,0.17447889957759471,46,cnn,full,unsw_nb15,16,clean,default,original,63.07154864817858,64.0,2.0,0.1,0.0005,/root/autodl-tmp/ms-ATCN/results/revision_required/main/unsw_nb15/cnn/seed_46/metrics.json,main/unsw_nb15/cnn/seed_46/metrics.json,main
0.9587084077408069,0.9604672293159764,0.9564137338761719,0.9581090854429366,0.959173189325854,0.9587084077408069,0.958617164177481,0.0435862661238281,0.06621603352710559,0.9913126926058548,0.9913126926058548,0.1155202945497059,42,lstm,full,unsw_nb15,16,clean,default,original,66.78999356925488,64.0,2.0,0.1,0.0005,/root/autodl-tmp/ms-ATCN/results/revision_required/main/unsw_nb15/lstm/seed_42/metrics.json,main/unsw_nb15/lstm/seed_42/metrics.json,main
0.8744366291288556,0.886362702288956,0.8845727913738392,0.8744233965929473,0.8962806989679796,0.8744366291288556,0.8742926841938637,0.11542720862616088,0.01546572934973638,0.9773728957180958,0.9773728957180958,0.31665503354822666,42,gru,full,unsw_nb15,16,clean,default,original,68.48363669961691,64.0,2.0,0.1,0.0005,/root/autodl-tmp/ms-ATCN/results/revision_required/main/unsw_nb15/gru/seed_42/metrics.json,main/unsw_nb15/gru/seed_42/metrics.json,main
0.94173742969253,0.940292875302922,0.9436761663019274,0.9413938251299216,0.943123984833342,0.94173742969253,0.9418488572232253,0.0563238336980726,0.03720427200216304,0.9883868398454636,0.9883868398454636,0.14669632148793435,42,tcn,full,unsw_nb15,16,clean,default,original,93.23304826766253,64.0,2.0,0.1,0.0005,/root/autodl-tmp/ms-ATCN/results/revision_required/main/unsw_nb15/tcn/seed_42/metrics.json,main/unsw_nb15/tcn/seed_42/metrics.json,main
0.9864062101388534,0.9875770040795604,0.9851361068548553,0.9862322122075264,0.9866152269884195,0.9864062101388534,0.9863891563109183,0.014863893145144672,0.027389482222522646,0.9993457229692196,0.9993457229692196,,42,xgboost,full,unsw_nb15,16,clean,default,original,25.42355304956436,,,,,/root/autodl-tmp/ms-ATCN/results/revision_required/main/unsw_nb15/xgboost/seed_42/metrics.json,main/unsw_nb15/xgboost/seed_42/metrics.json,main
0.9863211730262279,0.9875130415034814,0.9850340061214932,0.9861455880495971,0.9865364511255845,0.9863211730262279,0.9863037414757259,0.014965993878506863,0.027659862106259293,0.9993600608806843,0.9993600608806843,,43,xgboost,full,unsw_nb15,16,clean,default,original,25.405822537839413,,,,,/root/autodl-tmp/ms-ATCN/results/revision_required/main/unsw_nb15/xgboost/seed_43/metrics.json,main/unsw_nb15/xgboost/seed_43/metrics.json,main
0.9867463585893558,0.9878881161892711,0.9855046816600141,0.9865774563149612,0.9869464848597095,0.9867463585893558,0.9867301341668533,0.014495318339985849,0.026740570501554685,0.9993887683151326,0.9993887683151326,,44,xgboost,full,unsw_nb15,16,clean,default,original,25.195722229778767,,,,,/root/autodl-tmp/ms-ATCN/results/revision_required/main/unsw_nb15/xgboost/seed_44/metrics.json,main/unsw_nb15/xgboost/seed_44/metrics.json,main
0.9867099141125163,0.9878153634565979,0.985493995773671,0.9865413266294687,0.9868998772302808,0.9867099141125163,0.9866940672916847,0.014506004226328886,0.0264972286061917,0.9994234980421912,0.9994234980421912,,45,xgboost,full,unsw_nb15,16,clean,default,original,26.003874622285366,,,,,/root/autodl-tmp/ms-ATCN/results/revision_required/main/unsw_nb15/xgboost/seed_45/metrics.json,main/unsw_nb15/xgboost/seed_45/metrics.json,main
0.9871472478345906,0.9882866094155837,0.9859159588559259,0.9869836340184295,0.987346024793237,0.9871472478345906,0.9871316115374996,0.014084041144074078,0.026226848722455048,0.9994485125951208,0.9994485125951208,,46,xgboost,full,unsw_nb15,16,clean,default,original,25.423194982111454,,,,,/root/autodl-tmp/ms-ATCN/results/revision_required/main/unsw_nb15/xgboost/seed_46/metrics.json,main/unsw_nb15/xgboost/seed_46/metrics.json,main
0.9865762843641046,0.987678005007732,0.9853602223857247,0.9864060391926187,0.9867654256475696,0.9865762843641046,0.9865602984681715,0.014639777614275314,0.026632418548060026,0.9993843764015309,0.9993843764015309,,42,lightgbm,full,unsw_nb15,16,clean,default,original,22.05119752138853,,,,,/root/autodl-tmp/ms-ATCN/results/revision_required/main/unsw_nb15/lightgbm/seed_42/metrics.json,main/unsw_nb15/lightgbm/seed_42/metrics.json,main
0.9861632469599232,0.9873647510340038,0.9848657269711187,0.9859853629258069,0.986381616585778,0.9861632469599232,0.9861454662288873,0.015134273028881321,0.027930241989995944,0.9993880194799963,0.9993880194799963,,43,lightgbm,full,unsw_nb15,16,clean,default,original,22.096757613122463,,,,,/root/autodl-tmp/ms-ATCN/results/revision_required/main/unsw_nb15/lightgbm/seed_43/metrics.json,main/unsw_nb15/lightgbm/seed_43/metrics.json,main
0.9861268024830837,0.9872812677585414,0.9848625088588301,0.9859495001621295,0.9863315957713288,0.9861268024830837,0.9861095458497043,0.015137491141169994,0.027605786129511964,0.9994039427389658,0.9994039427389658,,44,lightgbm,full,unsw_nb15,16,clean,default,original,21.731962703168392,,,,,/root/autodl-tmp/ms-ATCN/results/revision_required/main/unsw_nb15/lightgbm/seed_44/metrics.json,main/unsw_nb15/lightgbm/seed_44/metrics.json,main
0.9867949512251418,0.9878830700339947,0.9855936072490152,0.9866278472746517,0.9869799649631489,0.9867949512251418,0.9867794248311331,0.014406392750984817,0.026253886710828716,0.9993997306531569,0.9993997306531569,,45,lightgbm,full,unsw_nb15,16,clean,default,original,21.999922215938568,,,,,/root/autodl-tmp/ms-ATCN/results/revision_required/main/unsw_nb15/lightgbm/seed_45/metrics.json,main/unsw_nb15/lightgbm/seed_45/metrics.json,main
0.9866370251588372,0.9877549486883261,0.985410392550532,0.986467214806328,0.9868305992380395,0.9866370251588372,0.9866209299144933,0.014589607449468004,0.026686494524807355,0.9993755424730523,0.9993755424730523,,46,lightgbm,full,unsw_nb15,16,clean,default,original,22.3660571500659,,,,,/root/autodl-tmp/ms-ATCN/results/revision_required/main/unsw_nb15/lightgbm/seed_46/metrics.json,main/unsw_nb15/lightgbm/seed_46/metrics.json,main
0.9068197195915759,0.834497109115774,0.7406396470293397,0.7762394746929813,0.8988964626014059,0.9068197195915759,0.8992523850668704,0.2593603529706604,0.028441853642218864,0.8837623198207121,0.8837623198207121,0.2523210914022702,42,ms_atcn,no_multiscale,cic_ids2017,16,clean,default,original,1583.7522758468986,64.0,2.0,0.1,0.0005,/root/autodl-tmp/ms-ATCN/results/revision_required/ablation/cic_ids2017/no_multiscale/seed_42/metrics.json,ablation/cic_ids2017/no_multiscale/seed_42/metrics.json,ablation
0.90256432018521,0.8244522391352207,0.728346585299959,0.764006978242047,0.8936093779599982,0.90256432018521,0.8941391177360148,0.271653414700041,0.02956603758064649,0.8558710946929521,0.8558710946929521,0.30038060227374225,43,ms_atcn,no_multiscale,cic_ids2017,16,clean,default,original,2204.1490534693003,64.0,2.0,0.1,0.0005,/root/autodl-tmp/ms-ATCN/results/revision_required/ablation/cic_ids2017/no_multiscale/seed_43/metrics.json,ablation/cic_ids2017/no_multiscale/seed_43/metrics.json,ablation
0.9142790457532057,0.8653076767184797,0.7458923362530069,0.7888238644972667,0.9081875280422012,0.9142790457532057,0.9059589335589908,0.25410766374699306,0.020122892497854455,0.8748255206211768,0.8748255206211768,0.24806381865518146,44,ms_atcn,no_multiscale,cic_ids2017,16,clean,default,original,3254.9483475089073,64.0,2.0,0.1,0.0005,/root/autodl-tmp/ms-ATCN/results/revision_required/ablation/cic_ids2017/no_multiscale/seed_44/metrics.json,ablation/cic_ids2017/no_multiscale/seed_44/metrics.json,ablation
0.9178153887501856,0.8946675886593523,0.7381654758843819,0.789413418169358,0.914450297767008,0.9178153887501856,0.9077506510731639,0.2618345241156182,0.012198766687962184,0.8979994241903543,0.8979994241903543,0.3033988373285075,45,ms_atcn,no_multiscale,cic_ids2017,16,clean,default,original,2944.752570807934,64.0,2.0,0.1,0.0005,/root/autodl-tmp/ms-ATCN/results/revision_required/ablation/cic_ids2017/no_multiscale/seed_45/metrics.json,ablation/cic_ids2017/no_multiscale/seed_45/metrics.json,ablation
0.8997847545895838,0.8255578097470528,0.7091484515904487,0.7488363414976343,0.8898516290095827,0.8997847545895838,0.888960460101813,0.29085154840955135,0.025949455593363476,0.8751450234924334,0.8751450234924334,0.3512153967196278,46,ms_atcn,no_multiscale,cic_ids2017,16,clean,default,original,3983.303965419531,64.0,2.0,0.1,0.0005,/root/autodl-tmp/ms-ATCN/results/revision_required/ablation/cic_ids2017/no_multiscale/seed_46/metrics.json,ablation/cic_ids2017/no_multiscale/seed_46/metrics.json,ablation
0.8976888819733737,0.799856327531502,0.7400174696578672,0.7648162286134439,0.8896991512511379,0.8976888819733737,0.8920322170922659,0.25998253034213276,0.040887392414226134,0.8653838701520672,0.8653838701520672,0.2007940440346016,42,ms_atcn,no_attention,cic_ids2017,16,clean,default,original,1650.838718123734,64.0,2.0,0.1,0.0005,/root/autodl-tmp/ms-ATCN/results/revision_required/ablation/cic_ids2017/no_attention/seed_42/metrics.json,ablation/cic_ids2017/no_attention/seed_42/metrics.json,ablation
0.9150971197665071,0.8639691693846547,0.7515412388458378,0.7929177095026557,0.9090276416555877,0.9150971197665071,0.9073874531030697,0.2484587611541622,0.021186754371293276,0.8610559500695856,0.8610559500695856,0.3044921848338959,43,ms_atcn,no_attention,cic_ids2017,16,clean,default,original,3081.4968612343073,64.0,2.0,0.1,0.0005,/root/autodl-tmp/ms-ATCN/results/revision_required/ablation/cic_ids2017/no_attention/seed_43/metrics.json,ablation/cic_ids2017/no_attention/seed_43/metrics.json,ablation
0.9125792435526573,0.8454813888977988,0.7600433490898838,0.7938365770916566,0.9059762576874701,0.9125792435526573,0.9064342524664102,0.23995665091011617,0.027997663890937708,0.9000100495747909,0.9000100495747909,0.23522776592459083,44,ms_atcn,no_attention,cic_ids2017,16,clean,default,original,2462.61510309577,64.0,2.0,0.1,0.0005,/root/autodl-tmp/ms-ATCN/results/revision_required/ablation/cic_ids2017/no_attention/seed_44/metrics.json,ablation/cic_ids2017/no_attention/seed_44/metrics.json,ablation
0.912112446277056,0.8703649322801963,0.7302319813754223,0.7771241676899268,0.9062659760429066,0.912112446277056,0.9019486393051042,0.2697680186245777,0.017032757623200962,0.8632993614947171,0.8632993614947171,0.383048278722511,45,ms_atcn,no_attention,cic_ids2017,16,clean,default,original,2902.9450981765985,64.0,2.0,0.1,0.0005,/root/autodl-tmp/ms-ATCN/results/revision_required/ablation/cic_ids2017/no_attention/seed_45/metrics.json,ablation/cic_ids2017/no_attention/seed_45/metrics.json,ablation
0.9068739435175297,0.8384824072711821,0.7355261515300102,0.7734530773761923,0.8988582704163128,0.9068739435175297,0.8985685956350363,0.2644738484699898,0.026374451960330017,0.8772074908578499,0.8772074908578499,0.3561117744151513,46,ms_atcn,no_attention,cic_ids2017,16,clean,default,original,2517.2216109856963,64.0,2.0,0.1,0.0005,/root/autodl-tmp/ms-ATCN/results/revision_required/ablation/cic_ids2017/no_attention/seed_46/metrics.json,ablation/cic_ids2017/no_attention/seed_46/metrics.json,ablation
0.9082578324103479,0.8489833977562702,0.7308902648928964,0.7725347649027179,0.9006729914707333,0.9082578324103479,0.8989806108276661,0.26910973510710356,0.02264545157920424,0.7843989817951816,0.7843989817951816,1.510252817492907,42,ms_atcn,no_focal_loss,cic_ids2017,16,clean,default,original,2870.032578982413,64.0,2.0,0.1,0.0005,/root/autodl-tmp/ms-ATCN/results/revision_required/ablation/cic_ids2017/no_focal_loss/seed_42/metrics.json,ablation/cic_ids2017/no_focal_loss/seed_42/metrics.json,ablation
0.9132487911600855,0.8634028318256717,0.7424638152699357,0.7855808712711705,0.9069567819809295,0.9132487911600855,0.904648271863933,0.2575361847300643,0.020218859419427544,0.8339011012806029,0.8339011012806029,0.9928621061103766,43,ms_atcn,no_focal_loss,cic_ids2017,16,clean,default,original,3199.4332942441106,64.0,2.0,0.1,0.0005,/root/autodl-tmp/ms-ATCN/results/revision_required/ablation/cic_ids2017/no_focal_loss/seed_43/metrics.json,ablation/cic_ids2017/no_focal_loss/seed_43/metrics.json,ablation
0.9044291517256176,0.8243162995629794,0.74093166119245,0.7734162331027543,0.8962788454633376,0.9044291517256176,0.8974076648533678,0.25906833880755,0.031877469434535476,0.8986427518407161,0.8986427518407161,0.9263410724820345,44,ms_atcn,no_focal_loss,cic_ids2017,16,clean,default,original,3207.9092726632953,64.0,2.0,0.1,0.0005,/root/autodl-tmp/ms-ATCN/results/revision_required/ablation/cic_ids2017/no_focal_loss/seed_44/metrics.json,ablation/cic_ids2017/no_focal_loss/seed_44/metrics.json,ablation
0.9006193315368711,0.8105700295811317,0.739173688444416,0.7678203475660689,0.8922979686390579,0.9006193315368711,0.8941861828172802,0.26082631155558406,0.036486623582088734,0.8895132884269664,0.8895132884269664,0.8005387731704847,45,ms_atcn,no_focal_loss,cic_ids2017,16,clean,default,original,2026.879562370479,64.0,2.0,0.1,0.0005,/root/autodl-tmp/ms-ATCN/results/revision_required/ablation/cic_ids2017/no_focal_loss/seed_45/metrics.json,ablation/cic_ids2017/no_focal_loss/seed_45/metrics.json,ablation
0.9063010559520189,0.8409856246815387,0.7290274222406898,0.7689836744546275,0.8981469965783415,0.9063010559520189,0.8971589649371327,0.27097257775931016,0.024638821635879563,0.8742651121070094,0.8742651121070094,0.8510857642101595,46,ms_atcn,no_focal_loss,cic_ids2017,16,clean,default,original,1833.7084674984217,64.0,2.0,0.1,0.0005,/root/autodl-tmp/ms-ATCN/results/revision_required/ablation/cic_ids2017/no_focal_loss/seed_46/metrics.json,ablation/cic_ids2017/no_focal_loss/seed_46/metrics.json,ablation
0.7496559989347064,0.7838911183219397,0.7719049049261383,0.7489281591710246,0.8031479870989968,0.7496559989347064,0.7470566569262407,0.22809509507386166,0.06738794435857803,0.9060261253452198,0.9060261253452198,0.8735086582761323,42,ms_atcn,no_multiscale,nsl_kdd,16,clean,default,original,305.84674026817083,64.0,2.0,0.1,0.0005,/root/autodl-tmp/ms-ATCN/results/revision_required/ablation/nsl_kdd/no_multiscale/seed_42/metrics.json,ablation/nsl_kdd/no_multiscale/seed_42/metrics.json,ablation
0.7547605308713214,0.7860013928603652,0.7760378330108121,0.7542347896695188,0.8047290977505877,0.7547605308713214,0.752661097914795,0.22396216698918786,0.07027305512622359,0.9100599709521978,0.9100599709521978,0.8988314522314976,43,ms_atcn,no_multiscale,nsl_kdd,16,clean,default,original,357.9599114358425,64.0,2.0,0.1,0.0005,/root/autodl-tmp/ms-ATCN/results/revision_required/ablation/nsl_kdd/no_multiscale/seed_43/metrics.json,ablation/nsl_kdd/no_multiscale/seed_43/metrics.json,ablation
0.7435749478449998,0.7799809594404699,0.7665132360659415,0.7426618329970153,0.7995484848870098,0.7435749478449998,0.7405396234509171,0.23348676393405843,0.06780010303967025,0.8819982488719792,0.8819982488719792,1.138863527717881,44,ms_atcn,no_multiscale,nsl_kdd,16,clean,default,original,382.9938831552863,64.0,2.0,0.1,0.0005,/root/autodl-tmp/ms-ATCN/results/revision_required/ablation/nsl_kdd/no_multiscale/seed_44/metrics.json,ablation/nsl_kdd/no_multiscale/seed_44/metrics.json,ablation
0.7508544542589551,0.7857840572225936,0.7733210013553284,0.7500924871183685,0.8052143107705851,0.7508544542589551,0.7481820566428945,0.22667899864467156,0.06439979392065945,0.9013951654918022,0.9013951654918022,1.2286524910482681,45,ms_atcn,no_multiscale,nsl_kdd,16,clean,default,original,360.7658785134554,64.0,2.0,0.1,0.0005,/root/autodl-tmp/ms-ATCN/results/revision_required/ablation/nsl_kdd/no_multiscale/seed_45/metrics.json,ablation/nsl_kdd/no_multiscale/seed_45/metrics.json,ablation
0.7556038883217187,0.7870248494962155,0.7769415272368945,0.7550728766977012,0.8058099708117714,0.7556038883217187,0.7534940156344879,0.22305847276310548,0.06893353941267387,0.8989112216500296,0.8989112216500296,1.0568947118779268,46,ms_atcn,no_multiscale,nsl_kdd,16,clean,default,original,359.0577161386609,64.0,2.0,0.1,0.0005,/root/autodl-tmp/ms-ATCN/results/revision_required/ablation/nsl_kdd/no_multiscale/seed_46/metrics.json,ablation/nsl_kdd/no_multiscale/seed_46/metrics.json,ablation
0.7483243819077633,0.7814590380075495,0.7702214750292711,0.7476542247699325,0.8004531553343704,0.7483243819077633,0.7458538629155876,0.2297785249707288,0.07161257083977329,0.8783611670608592,0.8783611670608592,0.6714961861662804,42,ms_atcn,no_attention,nsl_kdd,16,clean,default,original,206.78342808037996,64.0,2.0,0.1,0.0005,/root/autodl-tmp/ms-ATCN/results/revision_required/ablation/nsl_kdd/no_attention/seed_42/metrics.json,ablation/nsl_kdd/no_attention/seed_42/metrics.json,ablation
0.7575569266279019,0.7880690980296434,0.7785944084105568,0.7570830993459693,0.8066965129057506,0.7575569266279019,0.755597805584816,0.22140559158944312,0.06944873776403915,0.9026791077587328,0.9026791077587328,1.0576504384732779,43,ms_atcn,no_attention,nsl_kdd,16,clean,default,original,215.30189269781113,64.0,2.0,0.1,0.0005,/root/autodl-tmp/ms-ATCN/results/revision_required/ablation/nsl_kdd/no_attention/seed_43/metrics.json,ablation/nsl_kdd/no_attention/seed_43/metrics.json,ablation
0.7478805095654489,0.7827927821496676,0.7703453291307546,0.7470982151927131,0.8021512493834769,0.7478805095654489,0.7451509078115774,0.22965467086924532,0.06738794435857803,0.8716958365995238,0.8716958365995238,1.0204483127998598,44,ms_atcn,no_attention,nsl_kdd,16,clean,default,original,240.92091159522533,64.0,2.0,0.1,0.0005,/root/autodl-tmp/ms-ATCN/results/revision_required/ablation/nsl_kdd/no_attention/seed_44/metrics.json,ablation/nsl_kdd/no_attention/seed_44/metrics.json,ablation
0.757468152159439,0.787195633397421,0.778240759935245,0.7570333931808448,0.805647377473295,0.757468152159439,0.7556105041417736,0.2217592400647549,0.07171561051004635,0.9143963308749726,0.9143963308749726,0.6647616903312857,45,ms_atcn,no_attention,nsl_kdd,16,clean,default,original,140.93430398404598,64.0,2.0,0.1,0.0005,/root/autodl-tmp/ms-ATCN/results/revision_required/ablation/nsl_kdd/no_attention/seed_45/metrics.json,ablation/nsl_kdd/no_attention/seed_45/metrics.json,ablation
0.758799769186382,0.7888193512455539,0.7796735810270734,0.7583564198546562,0.8073638306360386,0.758799769186382,0.7569234596829956,0.22032641897292649,0.06955177743431219,0.8963998827867505,0.8963998827867505,1.4047687388207626,46,ms_atcn,no_attention,nsl_kdd,16,clean,default,original,355.8437362164259,64.0,2.0,0.1,0.0005,/root/autodl-tmp/ms-ATCN/results/revision_required/ablation/nsl_kdd/no_attention/seed_46/metrics.json,ablation/nsl_kdd/no_attention/seed_46/metrics.json,ablation
0.7657685649607173,0.7918613654414488,0.7852936984138769,0.7655237275206657,0.8096500965232853,0.7657685649607173,0.7644747605213236,0.2147063015861231,0.07367336424523441,0.9022974134343031,0.9022974134343031,2.300247802043943,42,ms_atcn,no_focal_loss,nsl_kdd,16,clean,default,original,276.1770644709468,64.0,2.0,0.1,0.0005,/root/autodl-tmp/ms-ATCN/results/revision_required/ablation/nsl_kdd/no_focal_loss/seed_42/metrics.json,ablation/nsl_kdd/no_focal_loss/seed_42/metrics.json,ablation
0.7498779351058635,0.7833228045233127,0.7718743039760264,0.749199200002777,0.8024175414284975,0.7498779351058635,0.7473929075228047,0.22812569602397356,0.06924265842349303,0.8800980813280611,0.8800980813280611,3.0406113527730088,43,ms_atcn,no_focal_loss,nsl_kdd,16,clean,default,original,349.4468761831522,64.0,2.0,0.1,0.0005,/root/autodl-tmp/ms-ATCN/results/revision_required/ablation/nsl_kdd/no_focal_loss/seed_43/metrics.json,ablation/nsl_kdd/no_focal_loss/seed_43/metrics.json,ablation
0.7600426117448622,0.7894983418591511,0.7807276927630862,0.7596321317996433,0.8079429156849827,0.7600426117448622,0.7582569578478305,0.21927230723691377,0.06986089644513137,0.8882424697638348,0.8882424697638348,2.883379485028377,44,ms_atcn,no_focal_loss,nsl_kdd,16,clean,default,original,337.3235759064555,64.0,2.0,0.1,0.0005,/root/autodl-tmp/ms-ATCN/results/revision_required/ablation/nsl_kdd/no_focal_loss/seed_44/metrics.json,ablation/nsl_kdd/no_focal_loss/seed_44/metrics.json,ablation
0.750632518087798,0.7834837305336948,0.7724368801670489,0.749993497393387,0.8024688948136194,0.750632518087798,0.7482436242187886,0.22756311983295102,0.07006697578567747,0.8861619827969389,0.8861619827969389,2.903511895913699,45,ms_atcn,no_focal_loss,nsl_kdd,16,clean,default,original,314.9126254543662,64.0,2.0,0.1,0.0005,/root/autodl-tmp/ms-ATCN/results/revision_required/ablation/nsl_kdd/no_focal_loss/seed_45/metrics.json,ablation/nsl_kdd/no_focal_loss/seed_45/metrics.json,ablation
0.7550712415109414,0.7875326907055216,0.776749324183822,0.7544805964913146,0.8065319888924037,0.7550712415109414,0.7528134274268654,0.22325067581617797,0.06666666666666665,0.8883472530093144,0.8883472530093144,3.1134867203725616,46,ms_atcn,no_focal_loss,nsl_kdd,16,clean,default,original,373.812302403152,64.0,2.0,0.1,0.0005,/root/autodl-tmp/ms-ATCN/results/revision_required/ablation/nsl_kdd/no_focal_loss/seed_46/metrics.json,ablation/nsl_kdd/no_focal_loss/seed_46/metrics.json,ablation
0.903628655077323,0.9079136827303175,0.9107785364250767,0.9035826553271673,0.9154420190425769,0.903628655077323,0.9037962036667393,0.08922146357492332,0.01871028795457618,0.9897436432247133,0.9897436432247133,0.04672611616787265,42,ms_atcn,no_multiscale,unsw_nb15,16,clean,default,original,151.43643399327993,64.0,2.0,0.1,0.0005,/root/autodl-tmp/ms-ATCN/results/revision_required/ablation/unsw_nb15/no_multiscale/seed_42/metrics.json,ablation/unsw_nb15/no_multiscale/seed_42/metrics.json,ablation
0.9345335714372487,0.9330698959029078,0.9356992308774257,0.9340751928211531,0.9353403474333191,0.9345335714372487,0.9346326063276434,0.06430076912257433,0.05280519129376774,0.9872627959582251,0.9872627959582251,0.03768355394783241,43,ms_atcn,no_multiscale,unsw_nb15,16,clean,default,original,111.92574141919613,64.0,2.0,0.1,0.0005,/root/autodl-tmp/ms-ATCN/results/revision_required/ablation/unsw_nb15/no_multiscale/seed_43/metrics.json,ablation/unsw_nb15/no_multiscale/seed_43/metrics.json,ablation
0.9391984644727092,0.9380566035578188,0.9421924065886469,0.9389323482073824,0.9418372910058911,0.9391984644727092,0.9393411212045635,0.057807593411353025,0.02828173583885359,0.9911687355372082,0.9911687355372082,0.033956348443507166,44,ms_atcn,no_multiscale,unsw_nb15,16,clean,default,original,137.57195698469877,64.0,2.0,0.1,0.0005,/root/autodl-tmp/ms-ATCN/results/revision_required/ablation/unsw_nb15/no_multiscale/seed_44/metrics.json,ablation/unsw_nb15/no_multiscale/seed_44/metrics.json,ablation
0.9002636150491393,0.9053655850244253,0.9077979772468874,0.9002321874059714,0.9132155653716535,0.9002636150491393,0.9004117401352815,0.09220202275311257,0.017899148303366228,0.9888227501685223,0.9888227501685223,0.04771877274410037,45,ms_atcn,no_multiscale,unsw_nb15,16,clean,default,original,133.896528840065,64.0,2.0,0.1,0.0005,/root/autodl-tmp/ms-ATCN/results/revision_required/ablation/unsw_nb15/no_multiscale/seed_45/metrics.json,ablation/unsw_nb15/no_multiscale/seed_45/metrics.json,ablation
0.9217537082255184,0.923307714744798,0.9274315541722249,0.9216402705376741,0.9295349314593571,0.9217537082255184,0.9219425899439438,0.07256844582777512,0.016574286873056645,0.9915509113475703,0.9915509113475703,0.03902566844822242,46,ms_atcn,no_multiscale,unsw_nb15,16,clean,default,original,128.73420424759388,64.0,2.0,0.1,0.0005,/root/autodl-tmp/ms-ATCN/results/revision_required/ablation/unsw_nb15/no_multiscale/seed_46/metrics.json,ablation/unsw_nb15/no_multiscale/seed_46/metrics.json,ablation
0.913505108300837,0.9152002285298232,0.91920056442427,0.9133862792918723,0.9214915440261983,0.913505108300837,0.9137115878316652,0.08079943557573004,0.024631607408408814,0.9891228216189055,0.9891228216189055,0.04150996730087651,42,ms_atcn,no_attention,unsw_nb15,16,clean,default,original,105.78540508449078,64.0,2.0,0.1,0.0005,/root/autodl-tmp/ms-ATCN/results/revision_required/ablation/unsw_nb15/no_attention/seed_42/metrics.json,ablation/unsw_nb15/no_attention/seed_42/metrics.json,ablation
0.9130434782608695,0.9146778912616287,0.9186918211612065,0.9129213321180278,0.920933024373658,0.9130434782608695,0.9132520339844891,0.08130817883879343,0.025604974989860755,0.9857265730521152,0.9857265730521152,0.05186832111940644,43,ms_atcn,no_attention,unsw_nb15,16,clean,default,original,114.66034712642431,64.0,2.0,0.1,0.0005,/root/autodl-tmp/ms-ATCN/results/revision_required/ablation/unsw_nb15/no_attention/seed_43/metrics.json,ablation/unsw_nb15/no_attention/seed_43/metrics.json,ablation
0.9299537155144137,0.9287360346813223,0.9327035038362845,0.929633500104847,0.9324199715837559,0.9299537155144137,0.9301148323619429,0.06729649616371551,0.04017845072326619,0.9864924426222,0.9864924426222,0.0408610903495624,44,ms_atcn,no_attention,unsw_nb15,16,clean,default,original,105.46389400959015,64.0,2.0,0.1,0.0005,/root/autodl-tmp/ms-ATCN/results/revision_required/ablation/unsw_nb15/no_attention/seed_44/metrics.json,ablation/unsw_nb15/no_attention/seed_44/metrics.json,ablation
0.8944567950727067,0.9011919813141824,0.9027025006775302,0.8944457774338119,0.9096268799724865,0.8944567950727067,0.8945551284823907,0.09729749932246971,0.015979451128836013,0.987222499919808,0.987222499919808,0.05141907676593379,45,ms_atcn,no_attention,unsw_nb15,16,clean,default,original,126.28314757347107,64.0,2.0,0.1,0.0005,/root/autodl-tmp/ms-ATCN/results/revision_required/ablation/unsw_nb15/no_attention/seed_45/metrics.json,ablation/unsw_nb15/no_attention/seed_45/metrics.json,ablation
0.9189353353499278,0.9206578452875509,0.9247033858358518,0.9188249154840976,0.9269777531773709,0.9189353353499278,0.9191284973747706,0.07529661416414832,0.018412870082465865,0.9885558672345305,0.9885558672345305,0.043042568592420796,46,ms_atcn,no_attention,unsw_nb15,16,clean,default,original,118.84877562522888,64.0,2.0,0.1,0.0005,/root/autodl-tmp/ms-ATCN/results/revision_required/ablation/unsw_nb15/no_attention/seed_46/metrics.json,ablation/unsw_nb15/no_attention/seed_46/metrics.json,ablation
0.9359549060339906,0.9350123374976143,0.9392947629339454,0.9357052962935996,0.9391293545426866,0.9359549060339906,0.9361115143678914,0.06070523706605451,0.027768014059753956,0.991115124786591,0.991115124786591,0.14466444746019566,42,ms_atcn,no_focal_loss,unsw_nb15,16,clean,default,original,112.43773490935564,64.0,2.0,0.1,0.0005,/root/autodl-tmp/ms-ATCN/results/revision_required/ablation/unsw_nb15/no_focal_loss/seed_42/metrics.json,ablation/unsw_nb15/no_focal_loss/seed_42/metrics.json,ablation
0.9326870512773789,0.931288463831895,0.9334252890554324,0.9321692694749237,0.9332222073149916,0.9326870512773789,0.9327702045006597,0.06657471094456757,0.05929430850344734,0.9860530541373745,0.9860530541373745,0.15328844694268992,43,ms_atcn,no_focal_loss,unsw_nb15,16,clean,default,original,117.10218708217144,64.0,2.0,0.1,0.0005,/root/autodl-tmp/ms-ATCN/results/revision_required/ablation/unsw_nb15/no_focal_loss/seed_43/metrics.json,ablation/unsw_nb15/no_focal_loss/seed_43/metrics.json,ablation
0.9400366874400184,0.9385831383603302,0.9413827365748533,0.9396289455852205,0.9409240170344876,0.9400366874400184,0.9401320381590561,0.05861726342514675,0.04534270650263621,0.9887782140114395,0.9887782140114395,0.13954835753834835,44,ms_atcn,no_focal_loss,unsw_nb15,16,clean,default,original,118.50355976819992,64.0,2.0,0.1,0.0005,/root/autodl-tmp/ms-ATCN/results/revision_required/ablation/unsw_nb15/no_focal_loss/seed_44/metrics.json,ablation/unsw_nb15/no_focal_loss/seed_44/metrics.json,ablation
0.919299780118323,0.9195874670125188,0.9239340258769033,0.9191135323866138,0.9249595531553652,0.919299780118323,0.9195071044920765,0.07606597412309676,0.030363660943625793,0.9869944806645519,0.9869944806645519,0.1867527853238107,45,ms_atcn,no_focal_loss,unsw_nb15,16,clean,default,original,117.85366211086512,64.0,2.0,0.1,0.0005,/root/autodl-tmp/ms-ATCN/results/revision_required/ablation/unsw_nb15/no_focal_loss/seed_45/metrics.json,ablation/unsw_nb15/no_focal_loss/seed_45/metrics.json,ablation
0.9146591834007556,0.9165712094689116,0.9205147399682365,0.9145509245181724,0.9229884517652115,0.9146591834007556,0.9148593330140503,0.0794852600317635,0.02173854265242666,0.9891569194138039,0.9891569194138039,0.18658134655513617,46,ms_atcn,no_focal_loss,unsw_nb15,16,clean,default,original,126.8696204572916,64.0,2.0,0.1,0.0005,/root/autodl-tmp/ms-ATCN/results/revision_required/ablation/unsw_nb15/no_focal_loss/seed_46/metrics.json,ablation/unsw_nb15/no_focal_loss/seed_46/metrics.json,ablation
0.9352746091329859,0.9344068719188563,0.9387293721268782,0.9350319316284836,0.938630197007101,0.9352746091329859,0.9354345611514571,0.061270627873121764,0.02720021630390699,0.9912020487103448,0.9912020487103448,0.033764285694921216,42,ms_atcn,full,unsw_nb15,16,attack_cat,default,original,128.91622890532017,64.0,2.0,0.1,0.0005,/root/autodl-tmp/ms-ATCN/results/revision_required/leakage_unsw/attack_cat/ms_atcn/seed_42/metrics.json,leakage_unsw/attack_cat/ms_atcn/seed_42/metrics.json,leakage_unsw
0.8938858316022207,0.9013956828516099,0.9024604107176124,0.8938807076233037,0.9100982690488403,0.8938858316022207,0.8939554800918696,0.09753958928238762,0.0129782344193592,0.9894590089316381,0.9894590089316381,0.058660291590987984,43,ms_atcn,full,unsw_nb15,16,attack_cat,default,original,160.10745634138584,64.0,2.0,0.1,0.0005,/root/autodl-tmp/ms-ATCN/results/revision_required/leakage_unsw/attack_cat/ms_atcn/seed_43/metrics.json,leakage_unsw/attack_cat/ms_atcn/seed_43/metrics.json,leakage_unsw
0.9259448230620649,0.9255218649521424,0.9299075493687532,0.9257183742187101,0.9302734549165075,0.9259448230620649,0.926134252875582,0.07009245063124685,0.031012572664593754,0.9893250151577232,0.9893250151577232,0.037866888829910295,44,ms_atcn,full,unsw_nb15,16,attack_cat,default,original,146.3231414631009,64.0,2.0,0.1,0.0005,/root/autodl-tmp/ms-ATCN/results/revision_required/leakage_unsw/attack_cat/ms_atcn/seed_44/metrics.json,leakage_unsw/attack_cat/ms_atcn/seed_44/metrics.json,leakage_unsw
0.9865762843641046,0.987678005007732,0.9853602223857247,0.9864060391926187,0.9867654256475696,0.9865762843641046,0.9865602984681715,0.014639777614275314,0.026632418548060026,0.9993843764015309,0.9993843764015309,,42,lightgbm,full,unsw_nb15,16,attack_cat,default,original,21.73639500886202,,,,,/root/autodl-tmp/ms-ATCN/results/revision_required/leakage_unsw/attack_cat/lightgbm/seed_42/metrics.json,leakage_unsw/attack_cat/lightgbm/seed_42/metrics.json,leakage_unsw
0.9861632469599232,0.9873647510340038,0.9848657269711187,0.9859853629258069,0.986381616585778,0.9861632469599232,0.9861454662288873,0.015134273028881321,0.027930241989995944,0.9993880194799963,0.9993880194799963,,43,lightgbm,full,unsw_nb15,16,attack_cat,default,original,22.361014999449253,,,,,/root/autodl-tmp/ms-ATCN/results/revision_required/leakage_unsw/attack_cat/lightgbm/seed_43/metrics.json,leakage_unsw/attack_cat/lightgbm/seed_43/metrics.json,leakage_unsw
0.9861268024830837,0.9872812677585414,0.9848625088588301,0.9859495001621295,0.9863315957713288,0.9861268024830837,0.9861095458497043,0.015137491141169994,0.027605786129511964,0.9994039427389658,0.9994039427389658,,44,lightgbm,full,unsw_nb15,16,attack_cat,default,original,21.670852288603783,,,,,/root/autodl-tmp/ms-ATCN/results/revision_required/leakage_unsw/attack_cat/lightgbm/seed_44/metrics.json,leakage_unsw/attack_cat/lightgbm/seed_44/metrics.json,leakage_unsw
0.6718782268547202,0.7410343958808305,0.6962395589985523,0.6621547720439771,0.7569465866039042,0.6718782268547202,0.6563429798989523,0.30376044100144767,0.06351223468973909,0.7390389064556819,0.7390389064556819,2.106261684425376,42,ms_atcn,full,unsw_nb15,16,id,default,original,120.94978864490986,64.0,2.0,0.1,0.0005,/root/autodl-tmp/ms-ATCN/results/revision_required/leakage_unsw/id/ms_atcn/seed_42/metrics.json,leakage_unsw/id/ms_atcn/seed_42/metrics.json,leakage_unsw
0.6745751181408458,0.7331215466049156,0.6970875675223539,0.6669480101987888,0.7478140404682868,0.6745751181408458,0.6618373519349734,0.3029124324776461,0.08089766121400568,0.7482498986254369,0.7482498986254369,0.9745254190914848,43,ms_atcn,full,unsw_nb15,16,id,default,original,120.983220115304,64.0,2.0,0.1,0.0005,/root/autodl-tmp/ms-ATCN/results/revision_required/leakage_unsw/id/ms_atcn/seed_43/metrics.json,leakage_unsw/id/ms_atcn/seed_43/metrics.json,leakage_unsw
0.6271001129778782,0.6958287514905488,0.6528532354348047,0.6134714607161396,0.7104406550504496,0.6271001129778782,0.6061117945177353,0.3471467645651953,0.09317290793564958,0.7050918990997052,0.7050918990997052,2.769569576790776,44,ms_atcn,full,unsw_nb15,16,id,default,original,123.4671470373869,64.0,2.0,0.1,0.0005,/root/autodl-tmp/ms-ATCN/results/revision_required/leakage_unsw/id/ms_atcn/seed_44/metrics.json,leakage_unsw/id/ms_atcn/seed_44/metrics.json,leakage_unsw
0.5968269008831711,0.6439680780936945,0.6194825269475377,0.5861513300763863,0.6552787626829681,0.5968269008831711,0.579411371712856,0.3805174730524623,0.15709071245099365,0.7322996732406737,0.7322996732406737,,42,lightgbm,full,unsw_nb15,16,id,default,original,22.444954589009285,,,,,/root/autodl-tmp/ms-ATCN/results/revision_required/leakage_unsw/id/lightgbm/seed_42/metrics.json,leakage_unsw/id/lightgbm/seed_42/metrics.json,leakage_unsw
0.5983818652283246,0.6463989383615345,0.6211830871072348,0.5875749843048748,0.6578513059771273,0.5983818652283246,0.5808053756693747,0.37881691289276526,0.1539543057996485,0.7317820727878249,0.7317820727878249,,43,lightgbm,full,unsw_nb15,16,id,default,original,22.692492999136448,,,,,/root/autodl-tmp/ms-ATCN/results/revision_required/leakage_unsw/id/lightgbm/seed_43/metrics.json,leakage_unsw/id/lightgbm/seed_43/metrics.json,leakage_unsw
0.5975314941020688,0.6448771129941229,0.6202068864179391,0.5868580251476205,0.6562303228218104,0.5975314941020688,0.5801244868388926,0.3797931135820609,0.15617142084628904,0.7313288858749128,0.7313288858749128,,44,lightgbm,full,unsw_nb15,16,id,default,original,22.647024758160114,,,,,/root/autodl-tmp/ms-ATCN/results/revision_required/leakage_unsw/id/lightgbm/seed_44/metrics.json,leakage_unsw/id/lightgbm/seed_44/metrics.json,leakage_unsw
0.6718782268547202,0.7410343958808305,0.6962395589985523,0.6621547720439771,0.7569465866039042,0.6718782268547202,0.6563429798989523,0.30376044100144767,0.06351223468973909,0.7390389064556819,0.7390389064556819,2.106261684425376,42,ms_atcn,full,unsw_nb15,16,both,default,original,126.73905116319656,64.0,2.0,0.1,0.0005,/root/autodl-tmp/ms-ATCN/results/revision_required/leakage_unsw/both/ms_atcn/seed_42/metrics.json,leakage_unsw/both/ms_atcn/seed_42/metrics.json,leakage_unsw
0.6745751181408458,0.7331215466049156,0.6970875675223539,0.6669480101987888,0.7478140404682868,0.6745751181408458,0.6618373519349734,0.3029124324776461,0.08089766121400568,0.7482498986254369,0.7482498986254369,0.9745254190914848,43,ms_atcn,full,unsw_nb15,16,both,default,original,122.89079516381025,64.0,2.0,0.1,0.0005,/root/autodl-tmp/ms-ATCN/results/revision_required/leakage_unsw/both/ms_atcn/seed_43/metrics.json,leakage_unsw/both/ms_atcn/seed_43/metrics.json,leakage_unsw
0.6271001129778782,0.6958287514905488,0.6528532354348047,0.6134714607161396,0.7104406550504496,0.6271001129778782,0.6061117945177353,0.3471467645651953,0.09317290793564958,0.7050918990997052,0.7050918990997052,2.769569576790776,44,ms_atcn,full,unsw_nb15,16,both,default,original,124.84642719477415,64.0,2.0,0.1,0.0005,/root/autodl-tmp/ms-ATCN/results/revision_required/leakage_unsw/both/ms_atcn/seed_44/metrics.json,leakage_unsw/both/ms_atcn/seed_44/metrics.json,leakage_unsw
0.5968269008831711,0.6439680780936945,0.6194825269475377,0.5861513300763863,0.6552787626829681,0.5968269008831711,0.579411371712856,0.3805174730524623,0.15709071245099365,0.7322996732406737,0.7322996732406737,,42,lightgbm,full,unsw_nb15,16,both,default,original,22.83190381526947,,,,,/root/autodl-tmp/ms-ATCN/results/revision_required/leakage_unsw/both/lightgbm/seed_42/metrics.json,leakage_unsw/both/lightgbm/seed_42/metrics.json,leakage_unsw
0.5983818652283246,0.6463989383615345,0.6211830871072348,0.5875749843048748,0.6578513059771273,0.5983818652283246,0.5808053756693747,0.37881691289276526,0.1539543057996485,0.7317820727878249,0.7317820727878249,,43,lightgbm,full,unsw_nb15,16,both,default,original,22.654836274683475,,,,,/root/autodl-tmp/ms-ATCN/results/revision_required/leakage_unsw/both/lightgbm/seed_43/metrics.json,leakage_unsw/both/lightgbm/seed_43/metrics.json,leakage_unsw
0.5975314941020688,0.6448771129941229,0.6202068864179391,0.5868580251476205,0.6562303228218104,0.5975314941020688,0.5801244868388926,0.3797931135820609,0.15617142084628904,0.7313288858749128,0.7313288858749128,,44,lightgbm,full,unsw_nb15,16,both,default,original,22.724119886755943,,,,,/root/autodl-tmp/ms-ATCN/results/revision_required/leakage_unsw/both/lightgbm/seed_44/metrics.json,leakage_unsw/both/lightgbm/seed_44/metrics.json,leakage_unsw
0.9427214305671976,0.9415863376964073,0.9457594402642551,0.9424712893552342,0.9453625912605708,0.9427214305671976,0.9428559482896959,0.054240559735744875,0.02428011355955117,0.992497185769601,0.992497185769601,0.030974990414057806,42,ms_atcn,full,unsw_nb15,16,clean,default,original,115.41105650365353,32.0,2.0,0.1,0.0005,/root/autodl-tmp/ms-ATCN/results/revision_required/hyper_unsw/hidden_channels/32/seed_42/metrics.json,hyper_unsw/hidden_channels/32/seed_42/metrics.json,hyper_unsw
0.9288846775271208,0.928348198285813,0.9327385472927591,0.9286563339347209,0.9329790072074221,0.9288846775271208,0.9290656068498511,0.06726145270724092,0.029255103420305528,0.9893246808509978,0.9893246808509978,0.038909484785657804,42,ms_atcn,full,unsw_nb15,16,clean,default,original,114.83636673539877,128.0,2.0,0.1,0.0005,/root/autodl-tmp/ms-ATCN/results/revision_required/hyper_unsw/hidden_channels/128/seed_42/metrics.json,hyper_unsw/hidden_channels/128/seed_42/metrics.json,hyper_unsw
0.936367943438172,0.9355102132994348,0.9398490005409864,0.9361305062193644,0.9397440828843183,0.936367943438172,0.9365253833792342,0.06015099945901358,0.025821278896850073,0.991641281225128,0.991641281225128,0.06327554856243987,42,ms_atcn,full,unsw_nb15,16,clean,default,original,126.71426681429148,64.0,1.0,0.1,0.0005,/root/autodl-tmp/ms-ATCN/results/revision_required/hyper_unsw/focal_gamma/1p0/seed_42/metrics.json,hyper_unsw/focal_gamma/1p0/seed_42/metrics.json,hyper_unsw
0.8541127592113416,0.875341081229968,0.8669962615859648,0.8538889101985607,0.8873208529755887,0.8541127592113416,0.8533090009156054,0.1330037384140353,0.0059483574422063,0.9876003878960042,0.9876003878960042,0.04841443994706841,42,ms_atcn,full,unsw_nb15,16,clean,default,original,138.36879394203424,64.0,3.0,0.1,0.0005,/root/autodl-tmp/ms-ATCN/results/revision_required/hyper_unsw/focal_gamma/3p0/seed_42/metrics.json,hyper_unsw/focal_gamma/3p0/seed_42/metrics.json,hyper_unsw
0.9579066292503371,0.9587205941508072,0.9562732361813138,0.9573614540822557,0.9580589751982097,0.9579066292503371,0.9578503429013334,0.0437267638186863,0.059835068270920645,0.9913874067294673,0.9913874067294673,0.03370486041734727,42,ms_atcn,full,unsw_nb15,16,clean,default,original,122.96842836588621,64.0,2.0,0.1,0.0001,/root/autodl-tmp/ms-ATCN/results/revision_required/hyper_unsw/learning_rate/0p0001/seed_42/metrics.json,hyper_unsw/learning_rate/0p0001/seed_42/metrics.json,hyper_unsw
0.9286903069839766,0.9281796480987307,0.9325745178041502,0.928463896896955,0.9328380849458867,0.9286903069839766,0.9288719826227959,0.06742548219584968,0.029119913478437204,0.9902129078755281,0.9902129078755281,0.03568956374110054,42,ms_atcn,full,unsw_nb15,16,clean,default,original,131.99797224253416,64.0,2.0,0.1,0.001,/root/autodl-tmp/ms-ATCN/results/revision_required/hyper_unsw/learning_rate/0p001/seed_42/metrics.json,hyper_unsw/learning_rate/0p001/seed_42/metrics.json,hyper_unsw
0.9469003972447976,0.9454938001547035,0.949088178256903,0.9466027341015857,0.9484699385351889,0.9469003972447976,0.9470069961022997,0.050911821743097094,0.029336217385426525,0.9922797841078779,0.9922797841078779,0.030053994162450123,42,ms_atcn,full,unsw_nb15,16,clean,default,original,118.60461188107729,64.0,2.0,0.0,0.0005,/root/autodl-tmp/ms-ATCN/results/revision_required/hyper_unsw/dropout/0p0/seed_42/metrics.json,hyper_unsw/dropout/0p0/seed_42/metrics.json,hyper_unsw
0.9485403987025767,0.9471109014817095,0.9500818302940727,0.9481993795429917,0.9494920655812062,0.9485403987025767,0.9486255641402451,0.04991816970592734,0.03471677707178586,0.9911983039382191,0.9911983039382191,0.031228761944750265,42,ms_atcn,full,unsw_nb15,16,clean,default,original,121.36364095658064,64.0,2.0,0.3,0.0005,/root/autodl-tmp/ms-ATCN/results/revision_required/hyper_unsw/dropout/0p3/seed_42/metrics.json,hyper_unsw/dropout/0p3/seed_42/metrics.json,hyper_unsw
0.8955694337371837,0.8402392654520237,0.6706798106560701,0.7160335344744109,0.8859667800247951,0.8955694337371837,0.8785096613299107,0.32932018934392987,0.016792113958239076,0.8571300022999896,0.8571300022999896,0.25837566585187804,42,ms_atcn,full,cic_ids2017,16,clean,default,shuffled,1905.8454453349113,64.0,2.0,0.1,0.0005,/root/autodl-tmp/ms-ATCN/results/revision_required/order_sanity/cic_ids2017/shuffled/seed_42/metrics.json,order_sanity/cic_ids2017/shuffled/seed_42/metrics.json,order_sanity
0.7605752585556393,0.7888675566543449,0.780901326513818,0.7602250503793775,0.8071084131755859,0.7605752585556393,0.7589539696002618,0.21909867348618195,0.07256235827664398,0.9125818133797953,0.9125818133797953,1.0191023831382549,42,ms_atcn,full,nsl_kdd,16,clean,default,shuffled,399.1614599302411,64.0,2.0,0.1,0.0005,/root/autodl-tmp/ms-ATCN/results/revision_required/order_sanity/nsl_kdd/shuffled/seed_42/metrics.json,order_sanity/nsl_kdd/shuffled/seed_42/metrics.json,order_sanity
0.844199861510988,0.8439164911016428,0.8405353832709554,0.8418737308809499,0.8441194413054308,0.844199861510988,0.843815201888573,0.15946461672904455,0.19566392733564014,0.9405722070227136,0.9405722070227136,0.08117117252476583,42,ms_atcn,full,unsw_nb15,16,clean,default,shuffled,141.9591349735856,64.0,2.0,0.1,0.0005,/root/autodl-tmp/ms-ATCN/results/revision_required/order_sanity/unsw_nb15/shuffled/seed_42/metrics.json,order_sanity/unsw_nb15/shuffled/seed_42/metrics.json,order_sanity
0.738089918500419,0.8384892296110501,0.6822745366830516,0.6769858903974615,0.8126456393615751,0.738089918500419,0.7020034945220808,0.3177254633169484,0.004285873047318551,0.8132001340369813,0.8132001340369813,7.580739274160803,42,ms_atcn,full,cic_ids2017,16,clean,cic_day_holdout,original,5695.987954057753,64.0,2.0,0.1,0.0005,/root/autodl-tmp/ms-ATCN/results/revision_required/temporal_cic/ms_atcn/seed_42/metrics.json,temporal_cic/ms_atcn/seed_42/metrics.json,temporal_cic
0.8134318481634488,0.8602168163486315,0.7772989459390074,0.7888297475155361,0.8437056621757724,0.8134318481634488,0.8016649437847836,0.2227010540609926,0.019791359641281606,0.8494957866666073,0.8494957866666073,1.8607674781348775,42,mlp,full,cic_ids2017,16,clean,cic_day_holdout,original,1987.8425204232335,64.0,2.0,0.1,0.0005,/root/autodl-tmp/ms-ATCN/results/revision_required/temporal_cic/mlp/seed_42/metrics.json,temporal_cic/mlp/seed_42/metrics.json,temporal_cic
0.7051513939744103,0.8329571253855422,0.6412936951028853,0.6202656205013084,0.8033049103968075,0.7051513939744103,0.6522367119839494,0.35870630489711475,0.00010388531061707874,0.6774123116739807,0.6774123116739807,,42,xgboost,full,cic_ids2017,16,clean,cic_day_holdout,original,566.4605657681823,,,,,/root/autodl-tmp/ms-ATCN/results/revision_required/temporal_cic/xgboost/seed_42/metrics.json,temporal_cic/xgboost/seed_42/metrics.json,temporal_cic
0.6305110409376365,0.8064998736222755,0.5504832385816038,0.4723962464932063,0.7723166786696154,0.6305110409376365,0.523829055170497,0.4495167614183963,0.000108717185529501,0.6850370133435081,0.6850370133435081,,42,lightgbm,full,cic_ids2017,16,clean,cic_day_holdout,original,360.56713934242725,,,,,/root/autodl-tmp/ms-ATCN/results/revision_required/temporal_cic/lightgbm/seed_42/metrics.json,temporal_cic/lightgbm/seed_42/metrics.json,temporal_cic
0.9352746091329859,0.9344068719188563,0.9387293721268782,0.9350319316284836,0.938630197007101,0.9352746091329859,0.9354345611514571,0.061270627873121764,0.02720021630390699,0.9912020487103448,0.9912020487103448,0.033764285694921216,42,ms_atcn,full,unsw_nb15,16,clean,default,original,120.97105035930872,64.0,2.0,0.1,0.0005,/root/autodl-tmp/ms-ATCN/results/revision_required/main/unsw_nb15/ms_atcn/seed_42/metrics.json,main/unsw_nb15/ms_atcn/seed_42/metrics.json,leakage_unsw
0.8938858316022207,0.9013956828516099,0.9024604107176124,0.8938807076233037,0.9100982690488403,0.8938858316022207,0.8939554800918696,0.09753958928238762,0.0129782344193592,0.9894590089316381,0.9894590089316381,0.058660291590987984,43,ms_atcn,full,unsw_nb15,16,clean,default,original,151.64103004336357,64.0,2.0,0.1,0.0005,/root/autodl-tmp/ms-ATCN/results/revision_required/main/unsw_nb15/ms_atcn/seed_43/metrics.json,main/unsw_nb15/ms_atcn/seed_43/metrics.json,leakage_unsw
0.9259448230620649,0.9255218649521424,0.9299075493687532,0.9257183742187101,0.9302734549165075,0.9259448230620649,0.926134252875582,0.07009245063124685,0.031012572664593754,0.9893250151577232,0.9893250151577232,0.037866888829910295,44,ms_atcn,full,unsw_nb15,16,clean,default,original,142.66134405136108,64.0,2.0,0.1,0.0005,/root/autodl-tmp/ms-ATCN/results/revision_required/main/unsw_nb15/ms_atcn/seed_44/metrics.json,main/unsw_nb15/ms_atcn/seed_44/metrics.json,leakage_unsw
0.9045397669983114,0.9112442392116145,0.9128479063887727,0.9045289798015447,0.9197272208039202,0.9045397669983114,0.9046318834945867,0.0871520936112273,0.005218331756117345,0.9962760914768652,0.9962760914768652,0.038718181339371285,45,ms_atcn,full,unsw_nb15,16,clean,default,original,159.22246750444174,64.0,2.0,0.1,0.0005,/root/autodl-tmp/ms-ATCN/results/revision_required/main/unsw_nb15/ms_atcn/seed_45/metrics.json,main/unsw_nb15/ms_atcn/seed_45/metrics.json,leakage_unsw
0.916566444355358,0.9182033321880106,0.9222513870627603,0.9164492468547939,0.9244679368368651,0.916566444355358,0.9167665506294317,0.07774861293723964,0.021684466675679328,0.9894394616804033,0.9894394616804033,0.041787274695560934,46,ms_atcn,full,unsw_nb15,16,clean,default,original,131.45517826080322,64.0,2.0,0.1,0.0005,/root/autodl-tmp/ms-ATCN/results/revision_required/main/unsw_nb15/ms_atcn/seed_46/metrics.json,main/unsw_nb15/ms_atcn/seed_46/metrics.json,leakage_unsw
0.9865762843641046,0.987678005007732,0.9853602223857247,0.9864060391926187,0.9867654256475696,0.9865762843641046,0.9865602984681715,0.014639777614275314,0.026632418548060026,0.9993843764015309,0.9993843764015309,,42,lightgbm,full,unsw_nb15,16,clean,default,original,22.05119752138853,,,,,/root/autodl-tmp/ms-ATCN/results/revision_required/main/unsw_nb15/lightgbm/seed_42/metrics.json,main/unsw_nb15/lightgbm/seed_42/metrics.json,leakage_unsw
0.9861632469599232,0.9873647510340038,0.9848657269711187,0.9859853629258069,0.986381616585778,0.9861632469599232,0.9861454662288873,0.015134273028881321,0.027930241989995944,0.9993880194799963,0.9993880194799963,,43,lightgbm,full,unsw_nb15,16,clean,default,original,22.096757613122463,,,,,/root/autodl-tmp/ms-ATCN/results/revision_required/main/unsw_nb15/lightgbm/seed_43/metrics.json,main/unsw_nb15/lightgbm/seed_43/metrics.json,leakage_unsw
0.9861268024830837,0.9872812677585414,0.9848625088588301,0.9859495001621295,0.9863315957713288,0.9861268024830837,0.9861095458497043,0.015137491141169994,0.027605786129511964,0.9994039427389658,0.9994039427389658,,44,lightgbm,full,unsw_nb15,16,clean,default,original,21.731962703168392,,,,,/root/autodl-tmp/ms-ATCN/results/revision_required/main/unsw_nb15/lightgbm/seed_44/metrics.json,main/unsw_nb15/lightgbm/seed_44/metrics.json,leakage_unsw
0.9867949512251418,0.9878830700339947,0.9855936072490152,0.9866278472746517,0.9869799649631489,0.9867949512251418,0.9867794248311331,0.014406392750984817,0.026253886710828716,0.9993997306531569,0.9993997306531569,,45,lightgbm,full,unsw_nb15,16,clean,default,original,21.999922215938568,,,,,/root/autodl-tmp/ms-ATCN/results/revision_required/main/unsw_nb15/lightgbm/seed_45/metrics.json,main/unsw_nb15/lightgbm/seed_45/metrics.json,leakage_unsw
0.9866370251588372,0.9877549486883261,0.985410392550532,0.986467214806328,0.9868305992380395,0.9866370251588372,0.9866209299144933,0.014589607449468004,0.026686494524807355,0.9993755424730523,0.9993755424730523,,46,lightgbm,full,unsw_nb15,16,clean,default,original,22.3660571500659,,,,,/root/autodl-tmp/ms-ATCN/results/revision_required/main/unsw_nb15/lightgbm/seed_46/metrics.json,main/unsw_nb15/lightgbm/seed_46/metrics.json,leakage_unsw
0.9032668736606101,0.8245246516825961,0.7328444064880055,0.7674643499941882,0.8945908579709418,0.9032668736606101,0.8953491445389945,0.2671555935119944,0.030341998689366042,0.7709246381309331,0.7709246381309331,0.3556550255665886,42,ms_atcn,full,cic_ids2017,16,clean,default,original,2069.0366903468966,64.0,2.0,0.1,0.0005,/root/autodl-tmp/ms-ATCN/results/revision_required/main/cic_ids2017/ms_atcn/seed_42/metrics.json,main/cic_ids2017/ms_atcn/seed_42/metrics.json,window
0.8916110871425641,0.7823517756402745,0.7337030002197584,0.754412482982461,0.8837793429044862,0.8916110871425641,0.8865110809917585,0.2662969997802415,0.04687298640834199,0.7817214890733287,0.7817214890733287,0.31433448436741207,43,ms_atcn,full,cic_ids2017,16,clean,default,original,2028.9219365864992,64.0,2.0,0.1,0.0005,/root/autodl-tmp/ms-ATCN/results/revision_required/main/cic_ids2017/ms_atcn/seed_43/metrics.json,main/cic_ids2017/ms_atcn/seed_43/metrics.json,window
0.9159599874577702,0.8757876926476474,0.7444486384909846,0.7903293224598598,0.9106825132257208,0.9159599874577702,0.9071277232385704,0.25555136150901536,0.017224691466347142,0.9156589833543464,0.9156589833543464,0.3200611845409805,44,ms_atcn,full,cic_ids2017,16,clean,default,original,3034.3156672120094,64.0,2.0,0.1,0.0005,/root/autodl-tmp/ms-ATCN/results/revision_required/main/cic_ids2017/ms_atcn/seed_44/metrics.json,main/cic_ids2017/ms_atcn/seed_44/metrics.json,window
0.8915780812745924,0.782591126415991,0.7324169054020482,0.7536567094536668,0.8835533857427638,0.8915780812745924,0.8863064396516911,0.26758309459795193,0.046417829008881056,0.8797173037466223,0.8797173037466223,0.21464343046724813,45,ms_atcn,full,cic_ids2017,16,clean,default,original,1746.6531883329153,64.0,2.0,0.1,0.0005,/root/autodl-tmp/ms-ATCN/results/revision_required/main/cic_ids2017/ms_atcn/seed_45/metrics.json,main/cic_ids2017/ms_atcn/seed_45/metrics.json,window
0.9133124453340312,0.8547983024688737,0.752199665389317,0.7908495824762786,0.9067377269485262,0.9133124453340312,0.9060228769178394,0.24780033461068304,0.02392318259214881,0.892194071323374,0.892194071323374,0.2706242478654464,46,ms_atcn,full,cic_ids2017,16,clean,default,original,1886.5503383427858,64.0,2.0,0.1,0.0005,/root/autodl-tmp/ms-ATCN/results/revision_required/main/cic_ids2017/ms_atcn/seed_46/metrics.json,main/cic_ids2017/ms_atcn/seed_46/metrics.json,window
0.9040613720539316,0.8198783299927238,0.7462428899708093,0.7758245153664421,0.8962730185129165,0.9040613720539316,0.8978416180864637,0.2537571100291907,0.034457608668829125,0.8467843275507162,0.8467843275507162,0.22858665197353542,47,ms_atcn,full,cic_ids2017,16,clean,default,original,2051.140845529735,64.0,2.0,0.1,0.0005,/root/autodl-tmp/ms-ATCN/results/revision_required/main/cic_ids2017/ms_atcn/seed_47/metrics.json,main/cic_ids2017/ms_atcn/seed_47/metrics.json,window
0.7658573394291802,0.7930083270963542,0.7857601208514561,0.7655705383407447,0.8110453730034713,0.7658573394291802,0.7644353446924833,0.2142398791485439,0.07047913446676969,0.8870950566669977,0.8870950566669977,0.9603996000941136,42,ms_atcn,full,nsl_kdd,16,clean,default,original,334.737709634006,64.0,2.0,0.1,0.0005,/root/autodl-tmp/ms-ATCN/results/revision_required/main/nsl_kdd/ms_atcn/seed_42/metrics.json,main/nsl_kdd/ms_atcn/seed_42/metrics.json,window
0.7644369479337743,0.7924522559641038,0.7846377646176685,0.7641090142048488,0.8106601629752723,0.7644369479337743,0.7628913650375645,0.21536223538233146,0.06944873776403915,0.8896207298075511,0.8896207298075511,0.9500335584314815,43,ms_atcn,full,nsl_kdd,16,clean,default,original,296.8313377574086,64.0,2.0,0.1,0.0005,/root/autodl-tmp/ms-ATCN/results/revision_required/main/nsl_kdd/ms_atcn/seed_43/metrics.json,main/nsl_kdd/ms_atcn/seed_43/metrics.json,window
0.7556926627901815,0.7863276888127199,0.7767688972216249,0.7552035824913732,0.8049426598168689,0.7556926627901815,0.7536887449025119,0.223231102778375,0.07099433281813497,0.8998360316164019,0.8998360316164019,0.8971361526908505,44,ms_atcn,full,nsl_kdd,16,clean,default,original,299.0264741331339,64.0,2.0,0.1,0.0005,/root/autodl-tmp/ms-ATCN/results/revision_required/main/nsl_kdd/ms_atcn/seed_44/metrics.json,main/nsl_kdd/ms_atcn/seed_44/metrics.json,window
0.7545829819343957,0.7858515958954814,0.7758693449910218,0.7540548341551244,0.8045815376939499,0.7545829819343957,0.7524769673701177,0.2241306550089782,0.07037609479649663,0.895444315189545,0.895444315189545,1.0480628781191537,45,ms_atcn,full,nsl_kdd,16,clean,default,original,286.3403495848179,64.0,2.0,0.1,0.0005,/root/autodl-tmp/ms-ATCN/results/revision_required/main/nsl_kdd/ms_atcn/seed_45/metrics.json,main/nsl_kdd/ms_atcn/seed_45/metrics.json,window
0.7606640330241022,0.7893829434175819,0.7810981181279434,0.7602907790569493,0.8076746080116727,0.7606640330241022,0.7589812412351831,0.2189018818720566,0.07130345182895413,0.8998924045364453,0.8998924045364453,1.0761112682331662,46,ms_atcn,full,nsl_kdd,16,clean,default,original,304.73262686282396,64.0,2.0,0.1,0.0005,/root/autodl-tmp/ms-ATCN/results/revision_required/main/nsl_kdd/ms_atcn/seed_46/metrics.json,main/nsl_kdd/ms_atcn/seed_46/metrics.json,window
0.9352746091329859,0.9344068719188563,0.9387293721268782,0.9350319316284836,0.938630197007101,0.9352746091329859,0.9354345611514571,0.061270627873121764,0.02720021630390699,0.9912020487103448,0.9912020487103448,0.033764285694921216,42,ms_atcn,full,unsw_nb15,16,clean,default,original,120.97105035930872,64.0,2.0,0.1,0.0005,/root/autodl-tmp/ms-ATCN/results/revision_required/main/unsw_nb15/ms_atcn/seed_42/metrics.json,main/unsw_nb15/ms_atcn/seed_42/metrics.json,window
0.8938858316022207,0.9013956828516099,0.9024604107176124,0.8938807076233037,0.9100982690488403,0.8938858316022207,0.8939554800918696,0.09753958928238762,0.0129782344193592,0.9894590089316381,0.9894590089316381,0.058660291590987984,43,ms_atcn,full,unsw_nb15,16,clean,default,original,151.64103004336357,64.0,2.0,0.1,0.0005,/root/autodl-tmp/ms-ATCN/results/revision_required/main/unsw_nb15/ms_atcn/seed_43/metrics.json,main/unsw_nb15/ms_atcn/seed_43/metrics.json,window
0.9259448230620649,0.9255218649521424,0.9299075493687532,0.9257183742187101,0.9302734549165075,0.9259448230620649,0.926134252875582,0.07009245063124685,0.031012572664593754,0.9893250151577232,0.9893250151577232,0.037866888829910295,44,ms_atcn,full,unsw_nb15,16,clean,default,original,142.66134405136108,64.0,2.0,0.1,0.0005,/root/autodl-tmp/ms-ATCN/results/revision_required/main/unsw_nb15/ms_atcn/seed_44/metrics.json,main/unsw_nb15/ms_atcn/seed_44/metrics.json,window
0.9045397669983114,0.9112442392116145,0.9128479063887727,0.9045289798015447,0.9197272208039202,0.9045397669983114,0.9046318834945867,0.0871520936112273,0.005218331756117345,0.9962760914768652,0.9962760914768652,0.038718181339371285,45,ms_atcn,full,unsw_nb15,16,clean,default,original,159.22246750444174,64.0,2.0,0.1,0.0005,/root/autodl-tmp/ms-ATCN/results/revision_required/main/unsw_nb15/ms_atcn/seed_45/metrics.json,main/unsw_nb15/ms_atcn/seed_45/metrics.json,window
0.916566444355358,0.9182033321880106,0.9222513870627603,0.9164492468547939,0.9244679368368651,0.916566444355358,0.9167665506294317,0.07774861293723964,0.021684466675679328,0.9894394616804033,0.9894394616804033,0.041787274695560934,46,ms_atcn,full,unsw_nb15,16,clean,default,original,131.45517826080322,64.0,2.0,0.1,0.0005,/root/autodl-tmp/ms-ATCN/results/revision_required/main/unsw_nb15/ms_atcn/seed_46/metrics.json,main/unsw_nb15/ms_atcn/seed_46/metrics.json,window
0.9352746091329859,0.9344068719188563,0.9387293721268782,0.9350319316284836,0.938630197007101,0.9352746091329859,0.9354345611514571,0.061270627873121764,0.02720021630390699,0.9912020487103448,0.9912020487103448,0.033764285694921216,42,ms_atcn,full,unsw_nb15,16,clean,default,original,120.97105035930872,64.0,2.0,0.1,0.0005,/root/autodl-tmp/ms-ATCN/results/revision_required/main/unsw_nb15/ms_atcn/seed_42/metrics.json,hyper_unsw/hidden_channels/64/seed_42/metrics.json,hyper_unsw
0.8938858316022207,0.9013956828516099,0.9024604107176124,0.8938807076233037,0.9100982690488403,0.8938858316022207,0.8939554800918696,0.09753958928238762,0.0129782344193592,0.9894590089316381,0.9894590089316381,0.058660291590987984,43,ms_atcn,full,unsw_nb15,16,clean,default,original,151.64103004336357,64.0,2.0,0.1,0.0005,/root/autodl-tmp/ms-ATCN/results/revision_required/main/unsw_nb15/ms_atcn/seed_43/metrics.json,hyper_unsw/hidden_channels/64/seed_43/metrics.json,hyper_unsw
0.9259448230620649,0.9255218649521424,0.9299075493687532,0.9257183742187101,0.9302734549165075,0.9259448230620649,0.926134252875582,0.07009245063124685,0.031012572664593754,0.9893250151577232,0.9893250151577232,0.037866888829910295,44,ms_atcn,full,unsw_nb15,16,clean,default,original,142.66134405136108,64.0,2.0,0.1,0.0005,/root/autodl-tmp/ms-ATCN/results/revision_required/main/unsw_nb15/ms_atcn/seed_44/metrics.json,hyper_unsw/hidden_channels/64/seed_44/metrics.json,hyper_unsw
0.9045397669983114,0.9112442392116145,0.9128479063887727,0.9045289798015447,0.9197272208039202,0.9045397669983114,0.9046318834945867,0.0871520936112273,0.005218331756117345,0.9962760914768652,0.9962760914768652,0.038718181339371285,45,ms_atcn,full,unsw_nb15,16,clean,default,original,159.22246750444174,64.0,2.0,0.1,0.0005,/root/autodl-tmp/ms-ATCN/results/revision_required/main/unsw_nb15/ms_atcn/seed_45/metrics.json,hyper_unsw/hidden_channels/64/seed_45/metrics.json,hyper_unsw
0.916566444355358,0.9182033321880106,0.9222513870627603,0.9164492468547939,0.9244679368368651,0.916566444355358,0.9167665506294317,0.07774861293723964,0.021684466675679328,0.9894394616804033,0.9894394616804033,0.041787274695560934,46,ms_atcn,full,unsw_nb15,16,clean,default,original,131.45517826080322,64.0,2.0,0.1,0.0005,/root/autodl-tmp/ms-ATCN/results/revision_required/main/unsw_nb15/ms_atcn/seed_46/metrics.json,hyper_unsw/hidden_channels/64/seed_46/metrics.json,hyper_unsw
0.9352746091329859,0.9344068719188563,0.9387293721268782,0.9350319316284836,0.938630197007101,0.9352746091329859,0.9354345611514571,0.061270627873121764,0.02720021630390699,0.9912020487103448,0.9912020487103448,0.033764285694921216,42,ms_atcn,full,unsw_nb15,16,clean,default,original,120.97105035930872,64.0,2.0,0.1,0.0005,/root/autodl-tmp/ms-ATCN/results/revision_required/main/unsw_nb15/ms_atcn/seed_42/metrics.json,hyper_unsw/focal_gamma/2p0/seed_42/metrics.json,hyper_unsw
0.8938858316022207,0.9013956828516099,0.9024604107176124,0.8938807076233037,0.9100982690488403,0.8938858316022207,0.8939554800918696,0.09753958928238762,0.0129782344193592,0.9894590089316381,0.9894590089316381,0.058660291590987984,43,ms_atcn,full,unsw_nb15,16,clean,default,original,151.64103004336357,64.0,2.0,0.1,0.0005,/root/autodl-tmp/ms-ATCN/results/revision_required/main/unsw_nb15/ms_atcn/seed_43/metrics.json,hyper_unsw/focal_gamma/2p0/seed_43/metrics.json,hyper_unsw
0.9259448230620649,0.9255218649521424,0.9299075493687532,0.9257183742187101,0.9302734549165075,0.9259448230620649,0.926134252875582,0.07009245063124685,0.031012572664593754,0.9893250151577232,0.9893250151577232,0.037866888829910295,44,ms_atcn,full,unsw_nb15,16,clean,default,original,142.66134405136108,64.0,2.0,0.1,0.0005,/root/autodl-tmp/ms-ATCN/results/revision_required/main/unsw_nb15/ms_atcn/seed_44/metrics.json,hyper_unsw/focal_gamma/2p0/seed_44/metrics.json,hyper_unsw
0.9045397669983114,0.9112442392116145,0.9128479063887727,0.9045289798015447,0.9197272208039202,0.9045397669983114,0.9046318834945867,0.0871520936112273,0.005218331756117345,0.9962760914768652,0.9962760914768652,0.038718181339371285,45,ms_atcn,full,unsw_nb15,16,clean,default,original,159.22246750444174,64.0,2.0,0.1,0.0005,/root/autodl-tmp/ms-ATCN/results/revision_required/main/unsw_nb15/ms_atcn/seed_45/metrics.json,hyper_unsw/focal_gamma/2p0/seed_45/metrics.json,hyper_unsw
0.916566444355358,0.9182033321880106,0.9222513870627603,0.9164492468547939,0.9244679368368651,0.916566444355358,0.9167665506294317,0.07774861293723964,0.021684466675679328,0.9894394616804033,0.9894394616804033,0.041787274695560934,46,ms_atcn,full,unsw_nb15,16,clean,default,original,131.45517826080322,64.0,2.0,0.1,0.0005,/root/autodl-tmp/ms-ATCN/results/revision_required/main/unsw_nb15/ms_atcn/seed_46/metrics.json,hyper_unsw/focal_gamma/2p0/seed_46/metrics.json,hyper_unsw
0.9352746091329859,0.9344068719188563,0.9387293721268782,0.9350319316284836,0.938630197007101,0.9352746091329859,0.9354345611514571,0.061270627873121764,0.02720021630390699,0.9912020487103448,0.9912020487103448,0.033764285694921216,42,ms_atcn,full,unsw_nb15,16,clean,default,original,120.97105035930872,64.0,2.0,0.1,0.0005,/root/autodl-tmp/ms-ATCN/results/revision_required/main/unsw_nb15/ms_atcn/seed_42/metrics.json,hyper_unsw/learning_rate/0p0005/seed_42/metrics.json,hyper_unsw
0.8938858316022207,0.9013956828516099,0.9024604107176124,0.8938807076233037,0.9100982690488403,0.8938858316022207,0.8939554800918696,0.09753958928238762,0.0129782344193592,0.9894590089316381,0.9894590089316381,0.058660291590987984,43,ms_atcn,full,unsw_nb15,16,clean,default,original,151.64103004336357,64.0,2.0,0.1,0.0005,/root/autodl-tmp/ms-ATCN/results/revision_required/main/unsw_nb15/ms_atcn/seed_43/metrics.json,hyper_unsw/learning_rate/0p0005/seed_43/metrics.json,hyper_unsw
0.9259448230620649,0.9255218649521424,0.9299075493687532,0.9257183742187101,0.9302734549165075,0.9259448230620649,0.926134252875582,0.07009245063124685,0.031012572664593754,0.9893250151577232,0.9893250151577232,0.037866888829910295,44,ms_atcn,full,unsw_nb15,16,clean,default,original,142.66134405136108,64.0,2.0,0.1,0.0005,/root/autodl-tmp/ms-ATCN/results/revision_required/main/unsw_nb15/ms_atcn/seed_44/metrics.json,hyper_unsw/learning_rate/0p0005/seed_44/metrics.json,hyper_unsw
0.9045397669983114,0.9112442392116145,0.9128479063887727,0.9045289798015447,0.9197272208039202,0.9045397669983114,0.9046318834945867,0.0871520936112273,0.005218331756117345,0.9962760914768652,0.9962760914768652,0.038718181339371285,45,ms_atcn,full,unsw_nb15,16,clean,default,original,159.22246750444174,64.0,2.0,0.1,0.0005,/root/autodl-tmp/ms-ATCN/results/revision_required/main/unsw_nb15/ms_atcn/seed_45/metrics.json,hyper_unsw/learning_rate/0p0005/seed_45/metrics.json,hyper_unsw
0.916566444355358,0.9182033321880106,0.9222513870627603,0.9164492468547939,0.9244679368368651,0.916566444355358,0.9167665506294317,0.07774861293723964,0.021684466675679328,0.9894394616804033,0.9894394616804033,0.041787274695560934,46,ms_atcn,full,unsw_nb15,16,clean,default,original,131.45517826080322,64.0,2.0,0.1,0.0005,/root/autodl-tmp/ms-ATCN/results/revision_required/main/unsw_nb15/ms_atcn/seed_46/metrics.json,hyper_unsw/learning_rate/0p0005/seed_46/metrics.json,hyper_unsw
0.9352746091329859,0.9344068719188563,0.9387293721268782,0.9350319316284836,0.938630197007101,0.9352746091329859,0.9354345611514571,0.061270627873121764,0.02720021630390699,0.9912020487103448,0.9912020487103448,0.033764285694921216,42,ms_atcn,full,unsw_nb15,16,clean,default,original,120.97105035930872,64.0,2.0,0.1,0.0005,/root/autodl-tmp/ms-ATCN/results/revision_required/main/unsw_nb15/ms_atcn/seed_42/metrics.json,hyper_unsw/dropout/0p1/seed_42/metrics.json,hyper_unsw
0.8938858316022207,0.9013956828516099,0.9024604107176124,0.8938807076233037,0.9100982690488403,0.8938858316022207,0.8939554800918696,0.09753958928238762,0.0129782344193592,0.9894590089316381,0.9894590089316381,0.058660291590987984,43,ms_atcn,full,unsw_nb15,16,clean,default,original,151.64103004336357,64.0,2.0,0.1,0.0005,/root/autodl-tmp/ms-ATCN/results/revision_required/main/unsw_nb15/ms_atcn/seed_43/metrics.json,hyper_unsw/dropout/0p1/seed_43/metrics.json,hyper_unsw
0.9259448230620649,0.9255218649521424,0.9299075493687532,0.9257183742187101,0.9302734549165075,0.9259448230620649,0.926134252875582,0.07009245063124685,0.031012572664593754,0.9893250151577232,0.9893250151577232,0.037866888829910295,44,ms_atcn,full,unsw_nb15,16,clean,default,original,142.66134405136108,64.0,2.0,0.1,0.0005,/root/autodl-tmp/ms-ATCN/results/revision_required/main/unsw_nb15/ms_atcn/seed_44/metrics.json,hyper_unsw/dropout/0p1/seed_44/metrics.json,hyper_unsw
0.9045397669983114,0.9112442392116145,0.9128479063887727,0.9045289798015447,0.9197272208039202,0.9045397669983114,0.9046318834945867,0.0871520936112273,0.005218331756117345,0.9962760914768652,0.9962760914768652,0.038718181339371285,45,ms_atcn,full,unsw_nb15,16,clean,default,original,159.22246750444174,64.0,2.0,0.1,0.0005,/root/autodl-tmp/ms-ATCN/results/revision_required/main/unsw_nb15/ms_atcn/seed_45/metrics.json,hyper_unsw/dropout/0p1/seed_45/metrics.json,hyper_unsw
0.916566444355358,0.9182033321880106,0.9222513870627603,0.9164492468547939,0.9244679368368651,0.916566444355358,0.9167665506294317,0.07774861293723964,0.021684466675679328,0.9894394616804033,0.9894394616804033,0.041787274695560934,46,ms_atcn,full,unsw_nb15,16,clean,default,original,131.45517826080322,64.0,2.0,0.1,0.0005,/root/autodl-tmp/ms-ATCN/results/revision_required/main/unsw_nb15/ms_atcn/seed_46/metrics.json,hyper_unsw/dropout/0p1/seed_46/metrics.json,hyper_unsw
0.9032668736606101,0.8245246516825961,0.7328444064880055,0.7674643499941882,0.8945908579709418,0.9032668736606101,0.8953491445389945,0.2671555935119944,0.030341998689366042,0.7709246381309331,0.7709246381309331,0.3556550255665886,42,ms_atcn,full,cic_ids2017,16,clean,default,original,2069.0366903468966,64.0,2.0,0.1,0.0005,/root/autodl-tmp/ms-ATCN/results/revision_required/main/cic_ids2017/ms_atcn/seed_42/metrics.json,main/cic_ids2017/ms_atcn/seed_42/metrics.json,order_sanity
0.8916110871425641,0.7823517756402745,0.7337030002197584,0.754412482982461,0.8837793429044862,0.8916110871425641,0.8865110809917585,0.2662969997802415,0.04687298640834199,0.7817214890733287,0.7817214890733287,0.31433448436741207,43,ms_atcn,full,cic_ids2017,16,clean,default,original,2028.9219365864992,64.0,2.0,0.1,0.0005,/root/autodl-tmp/ms-ATCN/results/revision_required/main/cic_ids2017/ms_atcn/seed_43/metrics.json,main/cic_ids2017/ms_atcn/seed_43/metrics.json,order_sanity
0.9159599874577702,0.8757876926476474,0.7444486384909846,0.7903293224598598,0.9106825132257208,0.9159599874577702,0.9071277232385704,0.25555136150901536,0.017224691466347142,0.9156589833543464,0.9156589833543464,0.3200611845409805,44,ms_atcn,full,cic_ids2017,16,clean,default,original,3034.3156672120094,64.0,2.0,0.1,0.0005,/root/autodl-tmp/ms-ATCN/results/revision_required/main/cic_ids2017/ms_atcn/seed_44/metrics.json,main/cic_ids2017/ms_atcn/seed_44/metrics.json,order_sanity
0.8915780812745924,0.782591126415991,0.7324169054020482,0.7536567094536668,0.8835533857427638,0.8915780812745924,0.8863064396516911,0.26758309459795193,0.046417829008881056,0.8797173037466223,0.8797173037466223,0.21464343046724813,45,ms_atcn,full,cic_ids2017,16,clean,default,original,1746.6531883329153,64.0,2.0,0.1,0.0005,/root/autodl-tmp/ms-ATCN/results/revision_required/main/cic_ids2017/ms_atcn/seed_45/metrics.json,main/cic_ids2017/ms_atcn/seed_45/metrics.json,order_sanity
0.9133124453340312,0.8547983024688737,0.752199665389317,0.7908495824762786,0.9067377269485262,0.9133124453340312,0.9060228769178394,0.24780033461068304,0.02392318259214881,0.892194071323374,0.892194071323374,0.2706242478654464,46,ms_atcn,full,cic_ids2017,16,clean,default,original,1886.5503383427858,64.0,2.0,0.1,0.0005,/root/autodl-tmp/ms-ATCN/results/revision_required/main/cic_ids2017/ms_atcn/seed_46/metrics.json,main/cic_ids2017/ms_atcn/seed_46/metrics.json,order_sanity
0.9040613720539316,0.8198783299927238,0.7462428899708093,0.7758245153664421,0.8962730185129165,0.9040613720539316,0.8978416180864637,0.2537571100291907,0.034457608668829125,0.8467843275507162,0.8467843275507162,0.22858665197353542,47,ms_atcn,full,cic_ids2017,16,clean,default,original,2051.140845529735,64.0,2.0,0.1,0.0005,/root/autodl-tmp/ms-ATCN/results/revision_required/main/cic_ids2017/ms_atcn/seed_47/metrics.json,main/cic_ids2017/ms_atcn/seed_47/metrics.json,order_sanity
0.7658573394291802,0.7930083270963542,0.7857601208514561,0.7655705383407447,0.8110453730034713,0.7658573394291802,0.7644353446924833,0.2142398791485439,0.07047913446676969,0.8870950566669977,0.8870950566669977,0.9603996000941136,42,ms_atcn,full,nsl_kdd,16,clean,default,original,334.737709634006,64.0,2.0,0.1,0.0005,/root/autodl-tmp/ms-ATCN/results/revision_required/main/nsl_kdd/ms_atcn/seed_42/metrics.json,main/nsl_kdd/ms_atcn/seed_42/metrics.json,order_sanity
0.7644369479337743,0.7924522559641038,0.7846377646176685,0.7641090142048488,0.8106601629752723,0.7644369479337743,0.7628913650375645,0.21536223538233146,0.06944873776403915,0.8896207298075511,0.8896207298075511,0.9500335584314815,43,ms_atcn,full,nsl_kdd,16,clean,default,original,296.8313377574086,64.0,2.0,0.1,0.0005,/root/autodl-tmp/ms-ATCN/results/revision_required/main/nsl_kdd/ms_atcn/seed_43/metrics.json,main/nsl_kdd/ms_atcn/seed_43/metrics.json,order_sanity
0.7556926627901815,0.7863276888127199,0.7767688972216249,0.7552035824913732,0.8049426598168689,0.7556926627901815,0.7536887449025119,0.223231102778375,0.07099433281813497,0.8998360316164019,0.8998360316164019,0.8971361526908505,44,ms_atcn,full,nsl_kdd,16,clean,default,original,299.0264741331339,64.0,2.0,0.1,0.0005,/root/autodl-tmp/ms-ATCN/results/revision_required/main/nsl_kdd/ms_atcn/seed_44/metrics.json,main/nsl_kdd/ms_atcn/seed_44/metrics.json,order_sanity
0.7545829819343957,0.7858515958954814,0.7758693449910218,0.7540548341551244,0.8045815376939499,0.7545829819343957,0.7524769673701177,0.2241306550089782,0.07037609479649663,0.895444315189545,0.895444315189545,1.0480628781191537,45,ms_atcn,full,nsl_kdd,16,clean,default,original,286.3403495848179,64.0,2.0,0.1,0.0005,/root/autodl-tmp/ms-ATCN/results/revision_required/main/nsl_kdd/ms_atcn/seed_45/metrics.json,main/nsl_kdd/ms_atcn/seed_45/metrics.json,order_sanity
0.7606640330241022,0.7893829434175819,0.7810981181279434,0.7602907790569493,0.8076746080116727,0.7606640330241022,0.7589812412351831,0.2189018818720566,0.07130345182895413,0.8998924045364453,0.8998924045364453,1.0761112682331662,46,ms_atcn,full,nsl_kdd,16,clean,default,original,304.73262686282396,64.0,2.0,0.1,0.0005,/root/autodl-tmp/ms-ATCN/results/revision_required/main/nsl_kdd/ms_atcn/seed_46/metrics.json,main/nsl_kdd/ms_atcn/seed_46/metrics.json,order_sanity
0.9352746091329859,0.9344068719188563,0.9387293721268782,0.9350319316284836,0.938630197007101,0.9352746091329859,0.9354345611514571,0.061270627873121764,0.02720021630390699,0.9912020487103448,0.9912020487103448,0.033764285694921216,42,ms_atcn,full,unsw_nb15,16,clean,default,original,120.97105035930872,64.0,2.0,0.1,0.0005,/root/autodl-tmp/ms-ATCN/results/revision_required/main/unsw_nb15/ms_atcn/seed_42/metrics.json,main/unsw_nb15/ms_atcn/seed_42/metrics.json,order_sanity
0.8938858316022207,0.9013956828516099,0.9024604107176124,0.8938807076233037,0.9100982690488403,0.8938858316022207,0.8939554800918696,0.09753958928238762,0.0129782344193592,0.9894590089316381,0.9894590089316381,0.058660291590987984,43,ms_atcn,full,unsw_nb15,16,clean,default,original,151.64103004336357,64.0,2.0,0.1,0.0005,/root/autodl-tmp/ms-ATCN/results/revision_required/main/unsw_nb15/ms_atcn/seed_43/metrics.json,main/unsw_nb15/ms_atcn/seed_43/metrics.json,order_sanity
0.9259448230620649,0.9255218649521424,0.9299075493687532,0.9257183742187101,0.9302734549165075,0.9259448230620649,0.926134252875582,0.07009245063124685,0.031012572664593754,0.9893250151577232,0.9893250151577232,0.037866888829910295,44,ms_atcn,full,unsw_nb15,16,clean,default,original,142.66134405136108,64.0,2.0,0.1,0.0005,/root/autodl-tmp/ms-ATCN/results/revision_required/main/unsw_nb15/ms_atcn/seed_44/metrics.json,main/unsw_nb15/ms_atcn/seed_44/metrics.json,order_sanity
0.9045397669983114,0.9112442392116145,0.9128479063887727,0.9045289798015447,0.9197272208039202,0.9045397669983114,0.9046318834945867,0.0871520936112273,0.005218331756117345,0.9962760914768652,0.9962760914768652,0.038718181339371285,45,ms_atcn,full,unsw_nb15,16,clean,default,original,159.22246750444174,64.0,2.0,0.1,0.0005,/root/autodl-tmp/ms-ATCN/results/revision_required/main/unsw_nb15/ms_atcn/seed_45/metrics.json,main/unsw_nb15/ms_atcn/seed_45/metrics.json,order_sanity
0.916566444355358,0.9182033321880106,0.9222513870627603,0.9164492468547939,0.9244679368368651,0.916566444355358,0.9167665506294317,0.07774861293723964,0.021684466675679328,0.9894394616804033,0.9894394616804033,0.041787274695560934,46,ms_atcn,full,unsw_nb15,16,clean,default,original,131.45517826080322,64.0,2.0,0.1,0.0005,/root/autodl-tmp/ms-ATCN/results/revision_required/main/unsw_nb15/ms_atcn/seed_46/metrics.json,main/unsw_nb15/ms_atcn/seed_46/metrics.json,order_sanity
