model,variant,trainable_parameters,training_seconds,test_evaluation_seconds,checkpoint_bytes,peak_gpu_memory_bytes,relative_path,family,inference_batch_1_batch_size,inference_batch_1_mean_batch_latency_ms,inference_batch_1_mean_latency_ms_per_sample,inference_batch_1_throughput_samples_per_second,inference_batch_1_warmup_iterations,inference_batch_1_measurement_iterations,inference_batch_default_batch_size,inference_batch_default_mean_batch_latency_ms,inference_batch_default_mean_latency_ms_per_sample,inference_batch_default_throughput_samples_per_second,inference_batch_default_warmup_iterations,inference_batch_default_measurement_iterations,inference_conv_linear_macs_per_sample,inference_approx_conv_linear_flops_per_sample,inference_macs_scope_note,prediction_seconds,test_samples,mean_latency_ms_per_sample,throughput_samples_per_second,serialized_model_bytes,number_of_trees,total_leaves,input_dimension,training_rows
ms_atcn,full,135343.0,2069.0366903468966,11.708903312683105,553461.0,31353856.0,main/cic_ids2017/ms_atcn/seed_42/efficiency.json,main,1.0,1.018170788884163,1.018170788884163,982.1534961692657,20.0,100.0,128.0,1.0145273059606552,0.007925994577817619,126167.13147882884,20.0,100.0,2073792.0,4147584.0,Conv1d and Linear layers only. Recurrent-cell operations are not included for LSTM/GRU.,,,,,,,,,
ms_atcn,full,135343.0,2028.9219365864992,11.973322048783302,553461.0,31353856.0,main/cic_ids2017/ms_atcn/seed_43/efficiency.json,main,1.0,1.0089043527841568,1.0089043527841568,991.174234941514,20.0,100.0,128.0,1.0203685611486435,0.007971629383973777,125444.86852467169,20.0,100.0,2073792.0,4147584.0,Conv1d and Linear layers only. Recurrent-cell operations are not included for LSTM/GRU.,,,,,,,,,
ms_atcn,full,135343.0,3034.3156672120094,11.785745315253735,553461.0,31353856.0,main/cic_ids2017/ms_atcn/seed_44/efficiency.json,main,1.0,1.0102972388267517,1.0102972388267517,989.8077135806985,20.0,100.0,128.0,1.0543311387300491,0.008236962021328509,121403.98333883708,20.0,100.0,2073792.0,4147584.0,Conv1d and Linear layers only. Recurrent-cell operations are not included for LSTM/GRU.,,,,,,,,,
ms_atcn,full,135343.0,1746.6531883329153,11.822664633393288,553461.0,31353856.0,main/cic_ids2017/ms_atcn/seed_45/efficiency.json,main,1.0,1.0148460417985916,1.0148460417985916,985.3711388849878,20.0,100.0,128.0,1.0296539962291718,0.008044171845540404,124313.6048311037,20.0,100.0,2073792.0,4147584.0,Conv1d and Linear layers only. Recurrent-cell operations are not included for LSTM/GRU.,,,,,,,,,
ms_atcn,full,135343.0,1886.5503383427858,11.542176246643066,553461.0,31353856.0,main/cic_ids2017/ms_atcn/seed_46/efficiency.json,main,1.0,1.0132909566164017,1.0132909566164017,986.8833758659182,20.0,100.0,128.0,1.0280407220125198,0.008031568140722811,124508.68653279006,20.0,100.0,2073792.0,4147584.0,Conv1d and Linear layers only. Recurrent-cell operations are not included for LSTM/GRU.,,,,,,,,,
ms_atcn,full,135343.0,2051.140845529735,11.628462471067905,553461.0,31353856.0,main/cic_ids2017/ms_atcn/seed_47/efficiency.json,main,1.0,1.0415038466453552,1.0415038466453552,960.1500783899767,20.0,100.0,128.0,1.0376983880996704,0.008107018657028675,123349.90732172717,20.0,100.0,2073792.0,4147584.0,Conv1d and Linear layers only. Recurrent-cell operations are not included for LSTM/GRU.,,,,,,,,,
mlp,full,82082.0,1155.3891041874886,7.189056031405926,332025.0,20162560.0,main/cic_ids2017/mlp/seed_42/efficiency.json,main,1.0,0.07127687335014343,0.07127687335014343,14029.796103534998,20.0,100.0,128.0,0.07943309843540192,0.0006205710815265775,1611418.949042943,20.0,100.0,81984.0,163968.0,Conv1d and Linear layers only. Recurrent-cell operations are not included for LSTM/GRU.,,,,,,,,,
mlp,full,82082.0,867.507562533021,7.213566705584526,332025.0,20162560.0,main/cic_ids2017/mlp/seed_43/efficiency.json,main,1.0,0.07143035531044006,0.07143035531044006,13999.650367885582,20.0,100.0,128.0,0.07991485297679901,0.0006243347888812423,1601704.7548990815,20.0,100.0,81984.0,163968.0,Conv1d and Linear layers only. Recurrent-cell operations are not included for LSTM/GRU.,,,,,,,,,
mlp,full,82082.0,992.6738304570317,7.798077002167702,332025.0,20162560.0,main/cic_ids2017/mlp/seed_44/efficiency.json,main,1.0,0.07189728319644928,0.07189728319644928,13908.731394865641,20.0,100.0,128.0,0.07929801940917969,0.0006195157766342163,1614163.8965724593,20.0,100.0,81984.0,163968.0,Conv1d and Linear layers only. Recurrent-cell operations are not included for LSTM/GRU.,,,,,,,,,
mlp,full,82082.0,1596.237339667976,7.071447990834713,332025.0,20162560.0,main/cic_ids2017/mlp/seed_45/efficiency.json,main,1.0,0.07203154265880585,0.07203154265880585,13882.806935521741,20.0,100.0,128.0,0.0803106278181076,0.0006274267798289657,1593811.4727468223,20.0,100.0,81984.0,163968.0,Conv1d and Linear layers only. Recurrent-cell operations are not included for LSTM/GRU.,,,,,,,,,
mlp,full,82082.0,871.6170615404844,7.284609794616699,332025.0,20162560.0,main/cic_ids2017/mlp/seed_46/efficiency.json,main,1.0,0.08180096745491028,0.08180096745491028,12224.794291720482,20.0,100.0,128.0,0.07938295602798462,0.0006201793439686298,1612436.8051358098,20.0,100.0,81984.0,163968.0,Conv1d and Linear layers only. Recurrent-cell operations are not included for LSTM/GRU.,,,,,,,,,
cnn,full,27778.0,912.0135129392147,7.742754824459553,118581.0,21361664.0,main/cic_ids2017/cnn/seed_42/efficiency.json,main,1.0,0.22796489298343658,0.22796489298343658,4386.640359016411,20.0,100.0,128.0,0.22205404937267303,0.001734797260724008,576436.2341583682,20.0,100.0,436352.0,872704.0,Conv1d and Linear layers only. Recurrent-cell operations are not included for LSTM/GRU.,,,,,,,,,
lstm,full,36994.0,955.4638925939798,7.365571700036526,151737.0,44771328.0,main/cic_ids2017/lstm/seed_42/efficiency.json,main,1.0,0.1625242829322815,0.1625242829322815,6152.92670090824,20.0,100.0,128.0,0.18576189875602722,0.0014512648340314627,689054.1109730497,20.0,100.0,128.0,256.0,Conv1d and Linear layers only. Recurrent-cell operations are not included for LSTM/GRU.,,,,,,,,,
gru,full,27778.0,922.0001207888126,7.438452512025833,114873.0,44427776.0,main/cic_ids2017/gru/seed_42/efficiency.json,main,1.0,0.15776582062244415,0.15776582062244415,6338.508531535109,20.0,100.0,128.0,0.159183070063591,0.0012436177348718047,804105.6121663323,20.0,100.0,128.0,256.0,Conv1d and Linear layers only. Recurrent-cell operations are not included for LSTM/GRU.,,,,,,,,,
tcn,full,82754.0,2719.865629300475,10.285897858440876,349173.0,34585600.0,main/cic_ids2017/tcn/seed_42/efficiency.json,main,1.0,0.6696601212024689,0.6696601212024689,1493.2948347056406,20.0,100.0,128.0,0.6713259220123291,0.005244733765721321,190667.44751389066,20.0,100.0,1824128.0,3648256.0,Conv1d and Linear layers only. Recurrent-cell operations are not included for LSTM/GRU.,,,,,,,,,
xgboost,full,,712.8984034880996,,,,main/cic_ids2017/xgboost/seed_42/efficiency.json,main,,,,,,,,,,,,,,,,0.42877648025751114,424167.0,0.001010867135485578,989249.6895941148,360816.0,300.0,,1248.0,1979498.0
xgboost,full,,728.2323901876807,,,,main/cic_ids2017/xgboost/seed_43/efficiency.json,main,,,,,,,,,,,,,,,,0.43272536993026733,424167.0,0.00102017688771231,980222.167395347,363404.0,300.0,,1248.0,1979498.0
xgboost,full,,725.5193571597338,,,,main/cic_ids2017/xgboost/seed_44/efficiency.json,main,,,,,,,,,,,,,,,,0.4295622929930687,424167.0,0.0010127197377284623,987440.0218988594,363718.0,300.0,,1248.0,1979498.0
xgboost,full,,733.7573567926884,,,,main/cic_ids2017/xgboost/seed_45/efficiency.json,main,,,,,,,,,,,,,,,,0.5201019942760468,424167.0,0.0012261726967822738,815545.8057614585,361626.0,300.0,,1248.0,1979498.0
xgboost,full,,735.3361207023263,,,,main/cic_ids2017/xgboost/seed_46/efficiency.json,main,,,,,,,,,,,,,,,,0.4366213083267212,424167.0,0.0010293618040222866,971475.72028848,362925.0,300.0,,1248.0,1979498.0
lightgbm,full,,431.49596639722586,,,,main/cic_ids2017/lightgbm/seed_42/efficiency.json,main,,,,,,,,,,,,,,,,0.5247473120689392,424167.0,0.0012371243214793683,808326.1986185736,486784.0,300.0,9300.0,1248.0,1979498.0
lightgbm,full,,443.01966665685177,,,,main/cic_ids2017/lightgbm/seed_43/efficiency.json,main,,,,,,,,,,,,,,,,0.5282527729868889,424167.0,0.001245388662924954,802962.1834290451,487523.0,300.0,9300.0,1248.0,1979498.0
lightgbm,full,,439.08213874697685,,,,main/cic_ids2017/lightgbm/seed_44/efficiency.json,main,,,,,,,,,,,,,,,,0.5153455808758736,424167.0,0.001214959157303311,823072.9354059701,487229.0,300.0,9300.0,1248.0,1979498.0
lightgbm,full,,439.7453602105379,,,,main/cic_ids2017/lightgbm/seed_45/efficiency.json,main,,,,,,,,,,,,,,,,0.535824216902256,424167.0,0.0012632388113697106,791615.9565392986,484933.0,300.0,9299.0,1248.0,1979498.0
lightgbm,full,,450.06051728874445,,,,main/cic_ids2017/lightgbm/seed_46/efficiency.json,main,,,,,,,,,,,,,,,,0.5220394432544708,424167.0,0.0012307403528668444,812519.0643750603,487845.0,300.0,9300.0,1248.0,1979498.0
ms_atcn,full,122623.0,334.737709634006,0.48932910710573196,502645.0,30874112.0,main/nsl_kdd/ms_atcn/seed_42/efficiency.json,main,1.0,1.0356176644563675,1.0356176644563675,965.6073223943467,20.0,100.0,128.0,1.019139215350151,0.007962025119923055,125596.18751989871,20.0,100.0,1870272.0,3740544.0,Conv1d and Linear layers only. Recurrent-cell operations are not included for LSTM/GRU.,,,,,,,,,
ms_atcn,full,122623.0,296.8313377574086,0.5069330185651779,502645.0,30874112.0,main/nsl_kdd/ms_atcn/seed_43/efficiency.json,main,1.0,1.0214044153690338,1.0214044153690338,979.0441327186742,20.0,100.0,128.0,1.0396922379732132,0.008122595609165728,123113.35539979073,20.0,100.0,1870272.0,3740544.0,Conv1d and Linear layers only. Recurrent-cell operations are not included for LSTM/GRU.,,,,,,,,,
ms_atcn,full,122623.0,299.0264741331339,0.5899446308612823,502645.0,30874112.0,main/nsl_kdd/ms_atcn/seed_44/efficiency.json,main,1.0,0.9872151166200637,0.9872151166200637,1012.9504534165847,20.0,100.0,128.0,1.0031312704086304,0.007836963050067425,127600.44849151057,20.0,100.0,1870272.0,3740544.0,Conv1d and Linear layers only. Recurrent-cell operations are not included for LSTM/GRU.,,,,,,,,,
ms_atcn,full,122623.0,286.3403495848179,0.49431927502155304,502645.0,30874112.0,main/nsl_kdd/ms_atcn/seed_45/efficiency.json,main,1.0,1.015411838889122,1.015411838889122,984.8220807569245,20.0,100.0,128.0,1.0278365761041641,0.008029973250813782,124533.41608562107,20.0,100.0,1870272.0,3740544.0,Conv1d and Linear layers only. Recurrent-cell operations are not included for LSTM/GRU.,,,,,,,,,
ms_atcn,full,122623.0,304.73262686282396,0.546504870057106,502645.0,30874112.0,main/nsl_kdd/ms_atcn/seed_46/efficiency.json,main,1.0,1.0163801163434982,1.0163801163434982,983.8838677773165,20.0,100.0,128.0,1.046360731124878,0.008174693211913109,122328.74972514984,20.0,100.0,1870272.0,3740544.0,Conv1d and Linear layers only. Recurrent-cell operations are not included for LSTM/GRU.,,,,,,,,,
mlp,full,41122.0,91.05436599254608,0.28477711975574493,168185.0,19179520.0,main/nsl_kdd/mlp/seed_42/efficiency.json,main,1.0,0.07287658751010895,0.07287658751010895,13721.828013163855,20.0,100.0,128.0,0.07967270910739899,0.0006224430399015546,1606572.7076941205,20.0,100.0,41024.0,82048.0,Conv1d and Linear layers only. Recurrent-cell operations are not included for LSTM/GRU.,,,,,,,,,
cnn,full,20098.0,200.14883184432983,0.32061781734228134,87861.0,20911104.0,main/nsl_kdd/cnn/seed_42/efficiency.json,main,1.0,0.21549172699451447,0.21549172699451447,4640.549379538156,20.0,100.0,128.0,0.21732687950134277,0.0016978662461042404,588974.5451354035,20.0,100.0,313472.0,626944.0,Conv1d and Linear layers only. Recurrent-cell operations are not included for LSTM/GRU.,,,,,,,,,
lstm,full,26754.0,186.44236904382706,0.5270210355520248,110777.0,43665408.0,main/nsl_kdd/lstm/seed_42/efficiency.json,main,1.0,0.1607811450958252,0.1607811450958252,6219.6347675220395,20.0,100.0,128.0,0.16676515340805054,0.0013028527610003948,767546.441112924,20.0,100.0,128.0,256.0,Conv1d and Linear layers only. Recurrent-cell operations are not included for LSTM/GRU.,,,,,,,,,
gru,full,20098.0,176.48074112087488,0.4959615245461464,84153.0,42701312.0,main/nsl_kdd/gru/seed_42/efficiency.json,main,1.0,0.15017233788967133,0.15017233788967133,6659.015994907666,20.0,100.0,128.0,0.15758022665977478,0.0012310955207794905,812284.6547007432,20.0,100.0,128.0,256.0,Conv1d and Linear layers only. Recurrent-cell operations are not included for LSTM/GRU.,,,,,,,,,
gru,full,20098.0,187.09680818021297,0.29593896865844727,84153.0,42701312.0,main/nsl_kdd/gru/seed_43/efficiency.json,main,1.0,0.14925867319107056,0.14925867319107056,6699.778167797791,20.0,100.0,128.0,0.15290334820747375,0.0011945574078708887,837130.131554199,20.0,100.0,128.0,256.0,Conv1d and Linear layers only. Recurrent-cell operations are not included for LSTM/GRU.,,,,,,,,,
gru,full,20098.0,109.49968099594116,0.2929718345403671,84153.0,42701312.0,main/nsl_kdd/gru/seed_44/efficiency.json,main,1.0,0.14990165829658508,0.14990165829658508,6671.04027642889,20.0,100.0,128.0,0.15709765255451202,0.0012273254105821252,814779.8386458047,20.0,100.0,128.0,256.0,Conv1d and Linear layers only. Recurrent-cell operations are not included for LSTM/GRU.,,,,,,,,,
gru,full,20098.0,139.5988650918007,0.3073531836271286,84153.0,42701312.0,main/nsl_kdd/gru/seed_45/efficiency.json,main,1.0,0.16796283423900604,0.16796283423900604,5953.698057851478,20.0,100.0,128.0,0.15536457300186157,0.0012137857265770435,823868.643454942,20.0,100.0,128.0,256.0,Conv1d and Linear layers only. Recurrent-cell operations are not included for LSTM/GRU.,,,,,,,,,
gru,full,20098.0,175.37481800466776,0.3338407278060913,84153.0,42701312.0,main/nsl_kdd/gru/seed_46/efficiency.json,main,1.0,0.1535501331090927,0.1535501331090927,6512.530987449749,20.0,100.0,128.0,0.15696652233600616,0.0012263009557500482,815460.5077253368,20.0,100.0,128.0,256.0,Conv1d and Linear layers only. Recurrent-cell operations are not included for LSTM/GRU.,,,,,,,,,
tcn,full,72514.0,296.7378052547574,0.42415807396173477,308213.0,34135040.0,main/nsl_kdd/tcn/seed_42/efficiency.json,main,1.0,0.6573520600795746,0.6573520600795746,1521.2548354666246,20.0,100.0,128.0,0.6777623295783997,0.005295018199831247,188856.76352007064,20.0,100.0,1644928.0,3289856.0,Conv1d and Linear layers only. Recurrent-cell operations are not included for LSTM/GRU.,,,,,,,,,
xgboost,full,,17.190928108990192,,,,main/nsl_kdd/xgboost/seed_42/efficiency.json,main,,,,,,,,,,,,,,,,0.015262126922607422,22529.0,0.0006774436025836665,1476137.6388914925,312254.0,300.0,,608.0,107063.0
xgboost,full,,16.818282887339592,,,,main/nsl_kdd/xgboost/seed_43/efficiency.json,main,,,,,,,,,,,,,,,,0.01566171646118164,22529.0,0.0006951802770287914,1438475.7926016136,313256.0,300.0,,608.0,107063.0
xgboost,full,,16.665078915655613,,,,main/nsl_kdd/xgboost/seed_44/efficiency.json,main,,,,,,,,,,,,,,,,0.015757188200950623,22529.0,0.0006994180035043997,1429760.1648650004,317966.0,300.0,,608.0,107063.0
xgboost,full,,16.506734430789948,,,,main/nsl_kdd/xgboost/seed_45/efficiency.json,main,,,,,,,,,,,,,,,,0.015773750841617584,22529.0,0.0007001531733151753,1428258.8983565858,315668.0,300.0,,608.0,107063.0
xgboost,full,,16.900587126612663,,,,main/nsl_kdd/xgboost/seed_46/efficiency.json,main,,,,,,,,,,,,,,,,0.01975952833890915,22529.0,0.0008770708126818389,1140158.7939544788,310049.0,300.0,,608.0,107063.0
lightgbm,full,,10.84652654826641,,,,main/nsl_kdd/lightgbm/seed_42/efficiency.json,main,,,,,,,,,,,,,,,,0.029382959008216858,22529.0,0.0013042282839103758,766736.9373418052,462244.0,300.0,9252.0,608.0,107063.0
lightgbm,full,,10.882043719291687,,,,main/nsl_kdd/lightgbm/seed_43/efficiency.json,main,,,,,,,,,,,,,,,,0.028367385268211365,22529.0,0.0012591497744334575,794186.6966937595,464477.0,300.0,9267.0,608.0,107063.0
lightgbm,full,,10.524359337985516,,,,main/nsl_kdd/lightgbm/seed_44/efficiency.json,main,,,,,,,,,,,,,,,,0.026251696050167084,22529.0,0.0011652401815512043,858192.1700200627,462922.0,300.0,9253.0,608.0,107063.0
lightgbm,full,,10.614121064543724,,,,main/nsl_kdd/lightgbm/seed_45/efficiency.json,main,,,,,,,,,,,,,,,,0.02580016851425171,22529.0,0.001145198123052586,873211.3508311097,463533.0,300.0,9266.0,608.0,107063.0
lightgbm,full,,10.816675215959549,,,,main/nsl_kdd/lightgbm/seed_46/efficiency.json,main,,,,,,,,,,,,,,,,0.026667587459087372,22529.0,0.0011837004509337907,844808.3290085137,464701.0,300.0,9277.0,608.0,107063.0
ms_atcn,full,122941.0,120.97105035930872,2.2423754408955574,503861.0,30885376.0,main/unsw_nb15/ms_atcn/seed_42/efficiency.json,main,1.0,1.126357987523079,1.126357987523079,887.8172047228547,20.0,100.0,128.0,1.0215869545936584,0.007981148082762957,125295.2569768402,20.0,100.0,1875360.0,3750720.0,Conv1d and Linear layers only. Recurrent-cell operations are not included for LSTM/GRU.,,,,,,,,,
ms_atcn,full,122941.0,151.64103004336357,2.0389261916279793,503861.0,30885376.0,main/unsw_nb15/ms_atcn/seed_43/efficiency.json,main,1.0,1.02184496819973,1.02184496819973,978.6220328136312,20.0,100.0,128.0,1.0144271701574326,0.007925212266854942,126179.58564746963,20.0,100.0,1875360.0,3750720.0,Conv1d and Linear layers only. Recurrent-cell operations are not included for LSTM/GRU.,,,,,,,,,
ms_atcn,full,122941.0,142.66134405136108,2.012995734810829,503861.0,30885376.0,main/unsw_nb15/ms_atcn/seed_44/efficiency.json,main,1.0,1.0060124844312668,1.0060124844312668,994.0234494856535,20.0,100.0,128.0,1.021604910492897,0.007981288363225758,125293.0547663905,20.0,100.0,1875360.0,3750720.0,Conv1d and Linear layers only. Recurrent-cell operations are not included for LSTM/GRU.,,,,,,,,,
ms_atcn,full,122941.0,159.22246750444174,1.9760845676064491,503861.0,30885376.0,main/unsw_nb15/ms_atcn/seed_45/efficiency.json,main,1.0,1.0129467397928238,1.0129467397928238,987.2187359076038,20.0,100.0,128.0,1.0215254127979279,0.007980667287483811,125302.8053892578,20.0,100.0,1875360.0,3750720.0,Conv1d and Linear layers only. Recurrent-cell operations are not included for LSTM/GRU.,,,,,,,,,
ms_atcn,full,122941.0,131.45517826080322,2.1000146493315697,503861.0,30885376.0,main/unsw_nb15/ms_atcn/seed_46/efficiency.json,main,1.0,1.0224448144435883,1.0224448144435883,978.0478964472985,20.0,100.0,128.0,0.9999461472034454,0.0078120792750269175,128006.89352919481,20.0,100.0,1875360.0,3750720.0,Conv1d and Linear layers only. Recurrent-cell operations are not included for LSTM/GRU.,,,,,,,,,
mlp,full,42146.0,95.94715997576714,1.2694297656416893,172281.0,19204096.0,main/unsw_nb15/mlp/seed_42/efficiency.json,main,1.0,0.07240854203701019,0.07240854203701019,13810.525275993954,20.0,100.0,128.0,0.08097521960735321,0.000632618903182447,1580730.5076870278,20.0,100.0,42048.0,84096.0,Conv1d and Linear layers only. Recurrent-cell operations are not included for LSTM/GRU.,,,,,,,,,
cnn,full,20290.0,62.551323004066944,1.3311294093728065,88629.0,20923392.0,main/unsw_nb15/cnn/seed_42/efficiency.json,main,1.0,0.22178351879119873,0.22178351879119873,4508.901317150912,20.0,100.0,128.0,0.225355327129364,0.0017605884931981564,567991.8980860048,20.0,100.0,316544.0,633088.0,Conv1d and Linear layers only. Recurrent-cell operations are not included for LSTM/GRU.,,,,,,,,,
cnn,full,20290.0,63.249984569847584,1.354742370545864,88629.0,20923392.0,main/unsw_nb15/cnn/seed_43/efficiency.json,main,1.0,0.21311499178409576,0.21311499178409576,4692.302459008083,20.0,100.0,128.0,0.21687470376491547,0.001694333623163402,590202.5352792988,20.0,100.0,316544.0,633088.0,Conv1d and Linear layers only. Recurrent-cell operations are not included for LSTM/GRU.,,,,,,,,,
cnn,full,20290.0,62.83334919810295,1.330608680844307,88629.0,20923392.0,main/unsw_nb15/cnn/seed_44/efficiency.json,main,1.0,0.21795354783535004,0.21795354783535004,4588.133618065424,20.0,100.0,128.0,0.21947845816612244,0.0017146754544228315,583200.7435696366,20.0,100.0,316544.0,633088.0,Conv1d and Linear layers only. Recurrent-cell operations are not included for LSTM/GRU.,,,,,,,,,
cnn,full,20290.0,61.37493832409382,1.3485779613256454,88629.0,20923392.0,main/unsw_nb15/cnn/seed_45/efficiency.json,main,1.0,0.21325752139091492,0.21325752139091492,4689.166381930018,20.0,100.0,128.0,0.21721631288528442,0.0016970024444162846,589274.3427037129,20.0,100.0,316544.0,633088.0,Conv1d and Linear layers only. Recurrent-cell operations are not included for LSTM/GRU.,,,,,,,,,
cnn,full,20290.0,63.07154864817858,1.365065023303032,88629.0,20923392.0,main/unsw_nb15/cnn/seed_46/efficiency.json,main,1.0,0.21957702934741974,0.21957702934741974,4554.210442558531,20.0,100.0,128.0,0.2219349890947342,0.0017338671023026109,576745.4718253663,20.0,100.0,316544.0,633088.0,Conv1d and Linear layers only. Recurrent-cell operations are not included for LSTM/GRU.,,,,,,,,,
lstm,full,27010.0,66.78999356925488,1.3695499822497368,111801.0,43693056.0,main/unsw_nb15/lstm/seed_42/efficiency.json,main,1.0,0.15895523130893707,0.15895523130893707,6291.079518210082,20.0,100.0,128.0,0.16614004969596863,0.001297969138249755,770434.3427983572,20.0,100.0,128.0,256.0,Conv1d and Linear layers only. Recurrent-cell operations are not included for LSTM/GRU.,,,,,,,,,
gru,full,20290.0,68.48363669961691,1.3644378781318665,84921.0,42728960.0,main/unsw_nb15/gru/seed_42/efficiency.json,main,1.0,0.14779210090637207,0.14779210090637207,6766.261483984933,20.0,100.0,128.0,0.15590116381645203,0.0012179778423160315,821032.9985137183,20.0,100.0,128.0,256.0,Conv1d and Linear layers only. Recurrent-cell operations are not included for LSTM/GRU.,,,,,,,,,
tcn,full,72770.0,93.23304826766253,1.7116005271673203,309237.0,34147840.0,main/unsw_nb15/tcn/seed_42/efficiency.json,main,1.0,0.64155712723732,0.64155712723732,1558.7076466693006,20.0,100.0,128.0,0.6452864408493042,0.005041300319135189,198361.5211742722,20.0,100.0,1649408.0,3298816.0,Conv1d and Linear layers only. Recurrent-cell operations are not included for LSTM/GRU.,,,,,,,,,
xgboost,full,,25.42355304956436,,,,main/unsw_nb15/xgboost/seed_42/efficiency.json,main,,,,,,,,,,,,,,,,0.06090574711561203,82317.0,0.0007398926967164988,1351547.3317114864,389476.0,300.0,,624.0,149025.0
xgboost,full,,25.405822537839413,,,,main/unsw_nb15/xgboost/seed_43/efficiency.json,main,,,,,,,,,,,,,,,,0.0527057945728302,82317.0,0.0006402783698729327,1561820.6815239696,398009.0,300.0,,624.0,149025.0
xgboost,full,,25.195722229778767,,,,main/unsw_nb15/xgboost/seed_44/efficiency.json,main,,,,,,,,,,,,,,,,0.052385710179805756,82317.0,0.000636389933790174,1571363.6355689324,393297.0,300.0,,624.0,149025.0
xgboost,full,,26.003874622285366,,,,main/unsw_nb15/xgboost/seed_45/efficiency.json,main,,,,,,,,,,,,,,,,0.05808090418577194,82317.0,0.0007055760558058717,1417281.6548569705,402413.0,300.0,,624.0,149025.0
xgboost,full,,25.423194982111454,,,,main/unsw_nb15/xgboost/seed_46/efficiency.json,main,,,,,,,,,,,,,,,,0.05191542208194733,82317.0,0.0006306767992267372,1585598.203748868,398631.0,300.0,,624.0,149025.0
lightgbm,full,,22.05119752138853,,,,main/unsw_nb15/lightgbm/seed_42/efficiency.json,main,,,,,,,,,,,,,,,,0.10922255367040634,82317.0,0.0013268529425319964,753663.0231921015,473456.0,300.0,9299.0,624.0,149025.0
lightgbm,full,,22.096757613122463,,,,main/unsw_nb15/lightgbm/seed_43/efficiency.json,main,,,,,,,,,,,,,,,,0.11216180771589279,82317.0,0.0013625594678607432,733912.9216650105,473578.0,300.0,9300.0,624.0,149025.0
lightgbm,full,,21.731962703168392,,,,main/unsw_nb15/lightgbm/seed_44/efficiency.json,main,,,,,,,,,,,,,,,,0.1096152737736702,82317.0,0.0013316237687679361,750962.8646274722,473381.0,300.0,9291.0,624.0,149025.0
lightgbm,full,,21.999922215938568,,,,main/unsw_nb15/lightgbm/seed_45/efficiency.json,main,,,,,,,,,,,,,,,,0.11058009415864944,82317.0,0.0013433445601594987,744410.6520826403,472037.0,300.0,9280.0,624.0,149025.0
lightgbm,full,,22.3660571500659,,,,main/unsw_nb15/lightgbm/seed_46/efficiency.json,main,,,,,,,,,,,,,,,,0.1126251071691513,82317.0,0.0013681877032587595,730893.8661107629,474113.0,300.0,9295.0,624.0,149025.0
ms_atcn,no_multiscale,125515.0,1583.7522758468986,11.956917114555836,513141.0,31230976.0,ablation/cic_ids2017/no_multiscale/seed_42/efficiency.json,ablation,1.0,0.8967725932598114,0.8967725932598114,1115.1099035765044,20.0,100.0,128.0,0.8970563113689423,0.007008252432569861,142688.92418210302,20.0,100.0,1916544.0,3833088.0,Conv1d and Linear layers only. Recurrent-cell operations are not included for LSTM/GRU.,,,,,,,,,
ms_atcn,no_multiscale,125515.0,2204.1490534693003,10.852320671081543,513141.0,31230976.0,ablation/cic_ids2017/no_multiscale/seed_43/efficiency.json,ablation,1.0,0.859760195016861,0.859760195016861,1163.1150241613464,20.0,100.0,128.0,0.8770986646413803,0.006852333317510784,145935.69134247332,20.0,100.0,1916544.0,3833088.0,Conv1d and Linear layers only. Recurrent-cell operations are not included for LSTM/GRU.,,,,,,,,,
ms_atcn,no_multiscale,125515.0,3254.9483475089073,11.477880857884884,513141.0,31230976.0,ablation/cic_ids2017/no_multiscale/seed_44/efficiency.json,ablation,1.0,0.8537498116493225,0.8537498116493225,1171.303333078508,20.0,100.0,128.0,0.8673404157161713,0.006776096997782588,147577.58047549205,20.0,100.0,1916544.0,3833088.0,Conv1d and Linear layers only. Recurrent-cell operations are not included for LSTM/GRU.,,,,,,,,,
ms_atcn,no_multiscale,125515.0,2944.752570807934,10.574717655777931,513141.0,31230976.0,ablation/cic_ids2017/no_multiscale/seed_45/efficiency.json,ablation,1.0,0.8631912618875504,0.8631912618875504,1158.4918014731618,20.0,100.0,128.0,0.8848579972982407,0.006912953103892505,144655.9791410889,20.0,100.0,1916544.0,3833088.0,Conv1d and Linear layers only. Recurrent-cell operations are not included for LSTM/GRU.,,,,,,,,,
ms_atcn,no_multiscale,125515.0,3983.303965419531,10.726701706647873,513141.0,31230976.0,ablation/cic_ids2017/no_multiscale/seed_46/efficiency.json,ablation,1.0,0.8646239340305328,0.8646239340305328,1156.5721935759952,20.0,100.0,128.0,0.8754975348711014,0.0068398244911804795,146202.5818483262,20.0,100.0,1916544.0,3833088.0,Conv1d and Linear layers only. Recurrent-cell operations are not included for LSTM/GRU.,,,,,,,,,
ms_atcn,no_attention,132134.0,1650.838718123734,10.735406458377838,538229.0,30460928.0,ablation/cic_ids2017/no_attention/seed_42/efficiency.json,ablation,1.0,0.8127660304307938,0.8127660304307938,1230.3663816633255,20.0,100.0,128.0,0.8141336590051651,0.006360419210977852,157222.3413000886,20.0,100.0,2039488.0,4078976.0,Conv1d and Linear layers only. Recurrent-cell operations are not included for LSTM/GRU.,,,,,,,,,
ms_atcn,no_attention,132134.0,3081.4968612343073,11.084064818918705,538229.0,30460928.0,ablation/cic_ids2017/no_attention/seed_43/efficiency.json,ablation,1.0,0.8684993535280228,0.8684993535280228,1151.4113348936814,20.0,100.0,128.0,0.8505333960056305,0.006644792156293988,150493.79671759842,20.0,100.0,2039488.0,4078976.0,Conv1d and Linear layers only. Recurrent-cell operations are not included for LSTM/GRU.,,,,,,,,,
ms_atcn,no_attention,132134.0,2462.61510309577,10.684045232832432,538229.0,30460928.0,ablation/cic_ids2017/no_attention/seed_44/efficiency.json,ablation,1.0,0.8134575188159943,0.8134575188159943,1229.3204953782006,20.0,100.0,128.0,0.822717621922493,0.006427481421269476,155581.9355137852,20.0,100.0,2039488.0,4078976.0,Conv1d and Linear layers only. Recurrent-cell operations are not included for LSTM/GRU.,,,,,,,,,
ms_atcn,no_attention,132134.0,2902.9450981765985,11.367101714015007,538229.0,30460928.0,ablation/cic_ids2017/no_attention/seed_45/efficiency.json,ablation,1.0,0.8093051612377167,0.8093051612377167,1235.6278544803085,20.0,100.0,128.0,0.821259468793869,0.006416089599952102,155858.17255536228,20.0,100.0,2039488.0,4078976.0,Conv1d and Linear layers only. Recurrent-cell operations are not included for LSTM/GRU.,,,,,,,,,
ms_atcn,no_attention,132134.0,2517.2216109856963,10.924870736896992,538229.0,30460928.0,ablation/cic_ids2017/no_attention/seed_46/efficiency.json,ablation,1.0,0.8302755653858185,0.8302755653858185,1204.41940205155,20.0,100.0,128.0,0.8326499909162521,0.00650507805403322,153726.0570424653,20.0,100.0,2039488.0,4078976.0,Conv1d and Linear layers only. Recurrent-cell operations are not included for LSTM/GRU.,,,,,,,,,
ms_atcn,no_focal_loss,135343.0,2870.032578982413,11.107911363244057,553461.0,31353344.0,ablation/cic_ids2017/no_focal_loss/seed_42/efficiency.json,ablation,1.0,1.0298500210046768,1.0298500210046768,971.0151765831334,20.0,100.0,128.0,1.1025889217853546,0.008613975951448083,116090.41000769121,20.0,100.0,2073792.0,4147584.0,Conv1d and Linear layers only. Recurrent-cell operations are not included for LSTM/GRU.,,,,,,,,,
ms_atcn,no_focal_loss,135343.0,3199.4332942441106,11.290763407945633,553461.0,31353344.0,ablation/cic_ids2017/no_focal_loss/seed_43/efficiency.json,ablation,1.0,1.0495197772979736,1.0495197772979736,952.8167278319766,20.0,100.0,128.0,1.058741807937622,0.008271420374512672,120898.21998182712,20.0,100.0,2073792.0,4147584.0,Conv1d and Linear layers only. Recurrent-cell operations are not included for LSTM/GRU.,,,,,,,,,
ms_atcn,no_focal_loss,135343.0,3207.9092726632953,11.000624269247055,553461.0,31353344.0,ablation/cic_ids2017/no_focal_loss/seed_44/efficiency.json,ablation,1.0,1.0085497796535492,1.0085497796535492,991.5226993986491,20.0,100.0,128.0,1.0273434966802597,0.008026121067814529,124593.18661539887,20.0,100.0,2073792.0,4147584.0,Conv1d and Linear layers only. Recurrent-cell operations are not included for LSTM/GRU.,,,,,,,,,
ms_atcn,no_focal_loss,135343.0,2026.879562370479,10.853850960731506,553461.0,31353344.0,ablation/cic_ids2017/no_focal_loss/seed_45/efficiency.json,ablation,1.0,1.0298652201890945,1.0298652201890945,971.0008459324308,20.0,100.0,128.0,1.0464727878570557,0.008175568655133247,122315.65071282515,20.0,100.0,2073792.0,4147584.0,Conv1d and Linear layers only. Recurrent-cell operations are not included for LSTM/GRU.,,,,,,,,,
ms_atcn,no_focal_loss,135343.0,1833.7084674984217,10.42107030004263,553461.0,31353344.0,ablation/cic_ids2017/no_focal_loss/seed_46/efficiency.json,ablation,1.0,0.9978807717561723,0.9978807717561723,1002.1237289101163,20.0,100.0,128.0,1.0019142180681229,0.00782745482865721,127755.44821273006,20.0,100.0,2073792.0,4147584.0,Conv1d and Linear layers only. Recurrent-cell operations are not included for LSTM/GRU.,,,,,,,,,
ms_atcn,no_multiscale,117835.0,305.84674026817083,0.48755237460136414,482421.0,30811136.0,ablation/nsl_kdd/no_multiscale/seed_42/efficiency.json,ablation,1.0,0.8803785592317581,0.8803785592317581,1135.8750045805598,20.0,100.0,128.0,0.8769198507070541,0.0068509363336488605,145965.4492902567,20.0,100.0,1793664.0,3587328.0,Conv1d and Linear layers only. Recurrent-cell operations are not included for LSTM/GRU.,,,,,,,,,
ms_atcn,no_multiscale,117835.0,357.9599114358425,0.4720044508576393,482421.0,30811136.0,ablation/nsl_kdd/no_multiscale/seed_43/efficiency.json,ablation,1.0,0.8654750138521194,0.8654750138521194,1155.434858308765,20.0,100.0,128.0,0.8689654618501663,0.006788792670704424,147301.5966911591,20.0,100.0,1793664.0,3587328.0,Conv1d and Linear layers only. Recurrent-cell operations are not included for LSTM/GRU.,,,,,,,,,
ms_atcn,no_multiscale,117835.0,382.9938831552863,0.4749489799141884,482421.0,30811136.0,ablation/nsl_kdd/no_multiscale/seed_44/efficiency.json,ablation,1.0,0.9119011461734772,0.9119011461734772,1096.6100922191001,20.0,100.0,128.0,0.9268553555011749,0.007241057464852929,138101.3760564474,20.0,100.0,1793664.0,3587328.0,Conv1d and Linear layers only. Recurrent-cell operations are not included for LSTM/GRU.,,,,,,,,,
ms_atcn,no_multiscale,117835.0,360.7658785134554,0.5596391260623932,482421.0,30811136.0,ablation/nsl_kdd/no_multiscale/seed_45/efficiency.json,ablation,1.0,0.8981003612279892,0.8981003612279892,1113.4613047395744,20.0,100.0,128.0,0.8966172486543655,0.007004822255112231,142758.79723717246,20.0,100.0,1793664.0,3587328.0,Conv1d and Linear layers only. Recurrent-cell operations are not included for LSTM/GRU.,,,,,,,,,
ms_atcn,no_multiscale,117835.0,359.0577161386609,0.5063890740275383,482421.0,30811136.0,ablation/nsl_kdd/no_multiscale/seed_46/efficiency.json,ablation,1.0,0.8602062612771988,0.8602062612771988,1162.5118823423131,20.0,100.0,128.0,0.8749883621931076,0.006835846579633653,146287.65996289987,20.0,100.0,1793664.0,3587328.0,Conv1d and Linear layers only. Recurrent-cell operations are not included for LSTM/GRU.,,,,,,,,,
ms_atcn,no_attention,119414.0,206.78342808037996,0.4554106667637825,487413.0,29981184.0,ablation/nsl_kdd/no_attention/seed_42/efficiency.json,ablation,1.0,0.8037055283784866,0.8037055283784866,1244.2368065049232,20.0,100.0,128.0,0.8093402534723282,0.006322970730252564,158153.50768831666,20.0,100.0,1835968.0,3671936.0,Conv1d and Linear layers only. Recurrent-cell operations are not included for LSTM/GRU.,,,,,,,,,
ms_atcn,no_attention,119414.0,215.30189269781113,0.4510291665792465,487413.0,29981184.0,ablation/nsl_kdd/no_attention/seed_43/efficiency.json,ablation,1.0,0.7971871644258499,0.7971871644258499,1254.410563321375,20.0,100.0,128.0,0.7987084984779358,0.006239910144358873,160258.7179727323,20.0,100.0,1835968.0,3671936.0,Conv1d and Linear layers only. Recurrent-cell operations are not included for LSTM/GRU.,,,,,,,,,
ms_atcn,no_attention,119414.0,240.92091159522533,0.700504295527935,487413.0,29981184.0,ablation/nsl_kdd/no_attention/seed_44/efficiency.json,ablation,1.0,0.7980086654424667,0.7980086654424667,1253.1192245206214,20.0,100.0,128.0,0.8175221085548401,0.006386891473084688,156570.6892334321,20.0,100.0,1835968.0,3671936.0,Conv1d and Linear layers only. Recurrent-cell operations are not included for LSTM/GRU.,,,,,,,,,
ms_atcn,no_attention,119414.0,140.93430398404598,0.6780722439289093,487413.0,29981184.0,ablation/nsl_kdd/no_attention/seed_45/efficiency.json,ablation,1.0,0.8026235550642014,0.8026235550642014,1245.9140947090827,20.0,100.0,128.0,0.8067429810762405,0.006302679539658129,158662.67572509995,20.0,100.0,1835968.0,3671936.0,Conv1d and Linear layers only. Recurrent-cell operations are not included for LSTM/GRU.,,,,,,,,,
ms_atcn,no_attention,119414.0,355.8437362164259,0.4525933116674423,487413.0,29981184.0,ablation/nsl_kdd/no_attention/seed_46/efficiency.json,ablation,1.0,0.8153169602155685,0.8153169602155685,1226.5168625163906,20.0,100.0,128.0,0.8187104761600494,0.006396175595000386,156343.42509008927,20.0,100.0,1835968.0,3671936.0,Conv1d and Linear layers only. Recurrent-cell operations are not included for LSTM/GRU.,,,,,,,,,
ms_atcn,no_focal_loss,122623.0,276.1770644709468,0.49900786578655243,502645.0,30873600.0,ablation/nsl_kdd/no_focal_loss/seed_42/efficiency.json,ablation,1.0,0.9953043609857558,0.9953043609857558,1004.7177920627149,20.0,100.0,128.0,1.0163988173007965,0.007940615760162473,125934.8179289737,20.0,100.0,1870272.0,3740544.0,Conv1d and Linear layers only. Recurrent-cell operations are not included for LSTM/GRU.,,,,,,,,,
ms_atcn,no_focal_loss,122623.0,349.4468761831522,0.48164699971675873,502645.0,30873600.0,ablation/nsl_kdd/no_focal_loss/seed_43/efficiency.json,ablation,1.0,0.9893476963043213,0.9893476963043213,1010.7669970178029,20.0,100.0,128.0,0.993438884615898,0.007761241286061703,128845.3693349136,20.0,100.0,1870272.0,3740544.0,Conv1d and Linear layers only. Recurrent-cell operations are not included for LSTM/GRU.,,,,,,,,,
ms_atcn,no_focal_loss,122623.0,337.3235759064555,0.4782891422510147,502645.0,30873600.0,ablation/nsl_kdd/no_focal_loss/seed_44/efficiency.json,ablation,1.0,1.0084175318479538,1.0084175318479538,991.6527315500668,20.0,100.0,128.0,1.0329028218984604,0.008069553296081722,123922.59686611938,20.0,100.0,1870272.0,3740544.0,Conv1d and Linear layers only. Recurrent-cell operations are not included for LSTM/GRU.,,,,,,,,,
ms_atcn,no_focal_loss,122623.0,314.9126254543662,0.5131992176175117,502645.0,30873600.0,ablation/nsl_kdd/no_focal_loss/seed_45/efficiency.json,ablation,1.0,1.0371338576078415,1.0371338576078415,964.1956943788422,20.0,100.0,128.0,1.0261484235525131,0.008016784559004009,124738.2903506937,20.0,100.0,1870272.0,3740544.0,Conv1d and Linear layers only. Recurrent-cell operations are not included for LSTM/GRU.,,,,,,,,,
ms_atcn,no_focal_loss,122623.0,373.812302403152,0.5285387337207794,502645.0,30873600.0,ablation/nsl_kdd/no_focal_loss/seed_46/efficiency.json,ablation,1.0,1.0246814787387848,1.0246814787387848,975.913023460555,20.0,100.0,128.0,1.0291744023561478,0.008040425018407404,124371.53480203381,20.0,100.0,1870272.0,3740544.0,Conv1d and Linear layers only. Recurrent-cell operations are not included for LSTM/GRU.,,,,,,,,,
ms_atcn,no_multiscale,118027.0,151.43643399327993,2.0665736943483353,483189.0,30822400.0,ablation/unsw_nb15/no_multiscale/seed_42/efficiency.json,ablation,1.0,0.8585323393344879,0.8585323393344879,1164.7784878728903,20.0,100.0,128.0,0.8740498125553131,0.006828514160588384,146444.7428068062,20.0,100.0,1796736.0,3593472.0,Conv1d and Linear layers only. Recurrent-cell operations are not included for LSTM/GRU.,,,,,,,,,
ms_atcn,no_multiscale,118027.0,111.92574141919613,1.9782156571745872,483189.0,30822400.0,ablation/unsw_nb15/no_multiscale/seed_43/efficiency.json,ablation,1.0,0.8661998808383942,0.8661998808383942,1154.4679491667682,20.0,100.0,128.0,0.883723795413971,0.006904092151671648,144841.6356606532,20.0,100.0,1796736.0,3593472.0,Conv1d and Linear layers only. Recurrent-cell operations are not included for LSTM/GRU.,,,,,,,,,
ms_atcn,no_multiscale,118027.0,137.57195698469877,1.923126459121704,483189.0,30822400.0,ablation/unsw_nb15/no_multiscale/seed_44/efficiency.json,ablation,1.0,0.8473652601242065,0.8473652601242065,1180.1286258223759,20.0,100.0,128.0,0.8659613132476807,0.006765322759747505,147812.60784035703,20.0,100.0,1796736.0,3593472.0,Conv1d and Linear layers only. Recurrent-cell operations are not included for LSTM/GRU.,,,,,,,,,
ms_atcn,no_multiscale,118027.0,133.896528840065,1.9817846566438675,483189.0,30822400.0,ablation/unsw_nb15/no_multiscale/seed_45/efficiency.json,ablation,1.0,0.8889155834913254,0.8889155834913254,1124.9662156583834,20.0,100.0,128.0,0.9008245170116425,0.007037691539153457,142092.04743296935,20.0,100.0,1796736.0,3593472.0,Conv1d and Linear layers only. Recurrent-cell operations are not included for LSTM/GRU.,,,,,,,,,
ms_atcn,no_multiscale,118027.0,128.73420424759388,2.0670907720923424,483189.0,30822400.0,ablation/unsw_nb15/no_multiscale/seed_46/efficiency.json,ablation,1.0,0.8845669031143188,0.8845669031143188,1130.496739680484,20.0,100.0,128.0,0.8938159793615341,0.006982937338761985,143206.21129578853,20.0,100.0,1796736.0,3593472.0,Conv1d and Linear layers only. Recurrent-cell operations are not included for LSTM/GRU.,,,,,,,,,
ms_atcn,no_attention,119732.0,105.78540508449078,1.8307747319340706,488629.0,29992448.0,ablation/unsw_nb15/no_attention/seed_42/efficiency.json,ablation,1.0,0.8269622921943665,0.8269622921943665,1209.2449794131162,20.0,100.0,128.0,0.8115914463996887,0.006340558174997568,157714.82137696553,20.0,100.0,1841056.0,3682112.0,Conv1d and Linear layers only. Recurrent-cell operations are not included for LSTM/GRU.,,,,,,,,,
ms_atcn,no_attention,119732.0,114.66034712642431,1.9181408360600471,488629.0,29992448.0,ablation/unsw_nb15/no_attention/seed_43/efficiency.json,ablation,1.0,0.8243284374475479,0.8243284374475479,1213.1087010614383,20.0,100.0,128.0,0.8195638656616211,0.006402842700481415,156180.62894545455,20.0,100.0,1841056.0,3682112.0,Conv1d and Linear layers only. Recurrent-cell operations are not included for LSTM/GRU.,,,,,,,,,
ms_atcn,no_attention,119732.0,105.46389400959015,1.9337982907891273,488629.0,29992448.0,ablation/unsw_nb15/no_attention/seed_44/efficiency.json,ablation,1.0,0.8051063865423203,0.8051063865423203,1242.0718761090527,20.0,100.0,128.0,0.8061445504426956,0.0062980043003335595,158780.4568420249,20.0,100.0,1841056.0,3682112.0,Conv1d and Linear layers only. Recurrent-cell operations are not included for LSTM/GRU.,,,,,,,,,
ms_atcn,no_attention,119732.0,126.28314757347107,2.0033502876758575,488629.0,29992448.0,ablation/unsw_nb15/no_attention/seed_45/efficiency.json,ablation,1.0,0.8092625439167023,0.8092625439167023,1235.6929250180772,20.0,100.0,128.0,0.8176301419734955,0.0063877354841679335,156550.001558222,20.0,100.0,1841056.0,3682112.0,Conv1d and Linear layers only. Recurrent-cell operations are not included for LSTM/GRU.,,,,,,,,,
ms_atcn,no_attention,119732.0,118.84877562522888,2.068899340927601,488629.0,29992448.0,ablation/unsw_nb15/no_attention/seed_46/efficiency.json,ablation,1.0,0.8287280052900314,0.8287280052900314,1206.6685252781197,20.0,100.0,128.0,0.8231757581233978,0.0064310606103390455,155495.3468160954,20.0,100.0,1841056.0,3682112.0,Conv1d and Linear layers only. Recurrent-cell operations are not included for LSTM/GRU.,,,,,,,,,
ms_atcn,no_focal_loss,122941.0,112.43773490935564,2.044551156461239,503861.0,30884864.0,ablation/unsw_nb15/no_focal_loss/seed_42/efficiency.json,ablation,1.0,1.0243107378482819,1.0243107378482819,976.2662471943327,20.0,100.0,128.0,1.022227630019188,0.007986153359524906,125216.72887828061,20.0,100.0,1875360.0,3750720.0,Conv1d and Linear layers only. Recurrent-cell operations are not included for LSTM/GRU.,,,,,,,,,
ms_atcn,no_focal_loss,122941.0,117.10218708217144,2.094236619770527,503861.0,30884864.0,ablation/unsw_nb15/no_focal_loss/seed_43/efficiency.json,ablation,1.0,0.986768752336502,0.986768752336502,1013.4086609777303,20.0,100.0,128.0,1.0098475217819214,0.00788943376392126,126751.8088019251,20.0,100.0,1875360.0,3750720.0,Conv1d and Linear layers only. Recurrent-cell operations are not included for LSTM/GRU.,,,,,,,,,
ms_atcn,no_focal_loss,122941.0,118.50355976819992,1.9551142752170563,503861.0,30884864.0,ablation/unsw_nb15/no_focal_loss/seed_44/efficiency.json,ablation,1.0,0.9821686893701554,0.9821686893701554,1018.1550387655703,20.0,100.0,128.0,0.9979002922773361,0.0077960960334166884,128269.32809878993,20.0,100.0,1875360.0,3750720.0,Conv1d and Linear layers only. Recurrent-cell operations are not included for LSTM/GRU.,,,,,,,,,
ms_atcn,no_focal_loss,122941.0,117.85366211086512,1.977413259446621,503861.0,30884864.0,ablation/unsw_nb15/no_focal_loss/seed_45/efficiency.json,ablation,1.0,0.989288166165352,0.989288166165352,1010.827819639417,20.0,100.0,128.0,1.0045894235372543,0.0078483548713848,127415.23750996692,20.0,100.0,1875360.0,3750720.0,Conv1d and Linear layers only. Recurrent-cell operations are not included for LSTM/GRU.,,,,,,,,,
ms_atcn,no_focal_loss,122941.0,126.8696204572916,1.8783825561404228,503861.0,30884864.0,ablation/unsw_nb15/no_focal_loss/seed_46/efficiency.json,ablation,1.0,0.989954024553299,0.989954024553299,1010.1479212140524,20.0,100.0,128.0,1.0445445030927658,0.008160503930412233,122541.45191612992,20.0,100.0,1875360.0,3750720.0,Conv1d and Linear layers only. Recurrent-cell operations are not included for LSTM/GRU.,,,,,,,,,
ms_atcn,full,122941.0,128.91622890532017,2.082247905433178,503861.0,30885376.0,leakage_unsw/attack_cat/ms_atcn/seed_42/efficiency.json,leakage_unsw,1.0,0.9991846978664397,0.9991846978664397,1000.8159673935171,20.0,100.0,128.0,1.0328934341669083,0.00806947995442897,123923.72317018342,20.0,100.0,1875360.0,3750720.0,Conv1d and Linear layers only. Recurrent-cell operations are not included for LSTM/GRU.,,,,,,,,,
ms_atcn,full,122941.0,160.10745634138584,1.9856633245944977,503861.0,30885376.0,leakage_unsw/attack_cat/ms_atcn/seed_43/efficiency.json,leakage_unsw,1.0,1.0189148038625717,1.0189148038625717,981.4363244199926,20.0,100.0,128.0,1.0207663476467133,0.007974737090989947,125395.9834149046,20.0,100.0,1875360.0,3750720.0,Conv1d and Linear layers only. Recurrent-cell operations are not included for LSTM/GRU.,,,,,,,,,
ms_atcn,full,122941.0,146.3231414631009,2.040828622877598,503861.0,30885376.0,leakage_unsw/attack_cat/ms_atcn/seed_44/efficiency.json,leakage_unsw,1.0,1.0134246945381165,1.0134246945381165,986.753140504204,20.0,100.0,128.0,1.052604764699936,0.00822347472421825,121603.09766077177,20.0,100.0,1875360.0,3750720.0,Conv1d and Linear layers only. Recurrent-cell operations are not included for LSTM/GRU.,,,,,,,,,
lightgbm,full,,21.73639500886202,,,,leakage_unsw/attack_cat/lightgbm/seed_42/efficiency.json,leakage_unsw,,,,,,,,,,,,,,,,0.11187100410461426,82317.0,0.0013590267393687118,735820.6950839796,473456.0,300.0,9299.0,624.0,149025.0
lightgbm,full,,22.361014999449253,,,,leakage_unsw/attack_cat/lightgbm/seed_43/efficiency.json,leakage_unsw,,,,,,,,,,,,,,,,0.11113764345645905,82317.0,0.0013501177576498056,740676.1331254045,473570.0,300.0,9300.0,624.0,149025.0
lightgbm,full,,21.670852288603783,,,,leakage_unsw/attack_cat/lightgbm/seed_44/efficiency.json,leakage_unsw,,,,,,,,,,,,,,,,0.11476269364356995,82317.0,0.0013941554435119106,717280.1316049639,473381.0,300.0,9291.0,624.0,149025.0
ms_atcn,full,123259.0,120.94978864490986,2.0771718472242355,505205.0,30896640.0,leakage_unsw/id/ms_atcn/seed_42/efficiency.json,leakage_unsw,1.0,0.9933599829673766,0.9933599829673766,1006.6844015729205,20.0,100.0,128.0,1.0102112591266632,0.007892275461927056,126706.17046048086,20.0,100.0,1880448.0,3760896.0,Conv1d and Linear layers only. Recurrent-cell operations are not included for LSTM/GRU.,,,,,,,,,
ms_atcn,full,123259.0,120.983220115304,1.9654168859124184,505205.0,30896640.0,leakage_unsw/id/ms_atcn/seed_43/efficiency.json,leakage_unsw,1.0,0.9797923266887665,0.9797923266887665,1020.624445365403,20.0,100.0,128.0,1.0057145357131958,0.007857144810259342,127272.69563547637,20.0,100.0,1880448.0,3760896.0,Conv1d and Linear layers only. Recurrent-cell operations are not included for LSTM/GRU.,,,,,,,,,
ms_atcn,full,123259.0,123.4671470373869,2.1913380324840546,505205.0,30896640.0,leakage_unsw/id/ms_atcn/seed_44/efficiency.json,leakage_unsw,1.0,1.0157287865877151,1.0157287865877151,984.5147771773259,20.0,100.0,128.0,1.0299687087535858,0.00804663053713739,124275.62013500284,20.0,100.0,1880448.0,3760896.0,Conv1d and Linear layers only. Recurrent-cell operations are not included for LSTM/GRU.,,,,,,,,,
lightgbm,full,,22.444954589009285,,,,leakage_unsw/id/lightgbm/seed_42/efficiency.json,leakage_unsw,,,,,,,,,,,,,,,,0.09411754459142685,82317.0,0.001143354891352052,874619.0772118617,464656.0,300.0,9232.0,640.0,149025.0
lightgbm,full,,22.692492999136448,,,,leakage_unsw/id/lightgbm/seed_43/efficiency.json,leakage_unsw,,,,,,,,,,,,,,,,0.09576906263828278,82317.0,0.00116341779508829,859536.4487476414,465453.0,300.0,9243.0,640.0,149025.0
lightgbm,full,,22.647024758160114,,,,leakage_unsw/id/lightgbm/seed_44/efficiency.json,leakage_unsw,,,,,,,,,,,,,,,,0.09437315165996552,82317.0,0.0011464600466485114,872250.1956551705,463962.0,300.0,9206.0,640.0,149025.0
ms_atcn,full,123259.0,126.73905116319656,2.1450797021389008,505205.0,30896640.0,leakage_unsw/both/ms_atcn/seed_42/efficiency.json,leakage_unsw,1.0,1.0044874250888824,1.0044874250888824,995.5326219355256,20.0,100.0,128.0,1.010267660021782,0.007892716093920171,126699.09674950919,20.0,100.0,1880448.0,3760896.0,Conv1d and Linear layers only. Recurrent-cell operations are not included for LSTM/GRU.,,,,,,,,,
ms_atcn,full,123259.0,122.89079516381025,2.1595966443419456,505205.0,30896640.0,leakage_unsw/both/ms_atcn/seed_43/efficiency.json,leakage_unsw,1.0,1.0114341974258423,1.0114341974258423,988.6950654279409,20.0,100.0,128.0,1.0273139923810959,0.008025890565477312,124596.76491247155,20.0,100.0,1880448.0,3760896.0,Conv1d and Linear layers only. Recurrent-cell operations are not included for LSTM/GRU.,,,,,,,,,
ms_atcn,full,123259.0,124.84642719477415,2.168343164026737,505205.0,30896640.0,leakage_unsw/both/ms_atcn/seed_44/efficiency.json,leakage_unsw,1.0,1.0273820161819458,1.0273820161819458,973.3477754616482,20.0,100.0,128.0,1.0370292514562607,0.008101791027002037,123429.49807853007,20.0,100.0,1880448.0,3760896.0,Conv1d and Linear layers only. Recurrent-cell operations are not included for LSTM/GRU.,,,,,,,,,
lightgbm,full,,22.83190381526947,,,,leakage_unsw/both/lightgbm/seed_42/efficiency.json,leakage_unsw,,,,,,,,,,,,,,,,0.10036032646894455,82317.0,0.0012191931978685394,820214.5498746672,464656.0,300.0,9232.0,640.0,149025.0
lightgbm,full,,22.654836274683475,,,,leakage_unsw/both/lightgbm/seed_43/efficiency.json,leakage_unsw,,,,,,,,,,,,,,,,0.16577568650245667,82317.0,0.0020138693890989303,496556.532123184,465453.0,300.0,9243.0,640.0,149025.0
lightgbm,full,,22.724119886755943,,,,leakage_unsw/both/lightgbm/seed_44/efficiency.json,leakage_unsw,,,,,,,,,,,,,,,,0.12664208561182022,82317.0,0.001538468185330129,649997.1917101537,463962.0,300.0,9206.0,640.0,149025.0
ms_atcn,full,34041.0,115.41105650365353,2.0605508908629417,148277.0,64226816.0,hyper_unsw/hidden_channels/32/seed_42/efficiency.json,hyper_unsw,1.0,0.9877790510654448,0.9877790510654448,1012.3721483274759,20.0,100.0,128.0,0.9668112546205521,0.007553212926723063,132393.9904384301,20.0,100.0,517984.0,1035968.0,Conv1d and Linear layers only. Recurrent-cell operations are not included for LSTM/GRU.,,,,,,,,,
ms_atcn,full,465093.0,114.83636673539877,2.054630383849144,1872501.0,49150464.0,hyper_unsw/hidden_channels/128/seed_42/efficiency.json,hyper_unsw,1.0,1.0371635854244232,1.0371635854244232,964.1680580125504,20.0,100.0,128.0,1.0329452902078629,0.008069885079748929,123917.50193685683,20.0,100.0,7104544.0,14209088.0,Conv1d and Linear layers only. Recurrent-cell operations are not included for LSTM/GRU.,,,,,,,,,
ms_atcn,full,122941.0,126.71426681429148,2.236099362373352,503861.0,30885376.0,hyper_unsw/focal_gamma/1p0/seed_42/efficiency.json,hyper_unsw,1.0,1.009664312005043,1.009664312005043,990.428192924982,20.0,100.0,128.0,1.0239887982606888,0.007999912486411631,125001.36741477667,20.0,100.0,1875360.0,3750720.0,Conv1d and Linear layers only. Recurrent-cell operations are not included for LSTM/GRU.,,,,,,,,,
ms_atcn,full,122941.0,138.36879394203424,2.0833183005452156,503861.0,30885376.0,hyper_unsw/focal_gamma/3p0/seed_42/efficiency.json,hyper_unsw,1.0,1.0082176327705383,1.0082176327705383,991.8493463083396,20.0,100.0,128.0,1.0171712934970856,0.007946650730445981,125839.17853199496,20.0,100.0,1875360.0,3750720.0,Conv1d and Linear layers only. Recurrent-cell operations are not included for LSTM/GRU.,,,,,,,,,
ms_atcn,full,122941.0,122.96842836588621,2.017094485461712,503861.0,30885376.0,hyper_unsw/learning_rate/0p0001/seed_42/efficiency.json,hyper_unsw,1.0,1.0094954818487167,1.0094954818487167,990.5938342276407,20.0,100.0,128.0,1.0255448520183563,0.008012069156393409,124811.70350383557,20.0,100.0,1875360.0,3750720.0,Conv1d and Linear layers only. Recurrent-cell operations are not included for LSTM/GRU.,,,,,,,,,
ms_atcn,full,122941.0,131.99797224253416,2.1165855154395103,503861.0,30885376.0,hyper_unsw/learning_rate/0p001/seed_42/efficiency.json,hyper_unsw,1.0,1.0294228047132492,1.0294228047132492,971.4181533782466,20.0,100.0,128.0,1.0163404047489166,0.007940159412100911,125942.0558327817,20.0,100.0,1875360.0,3750720.0,Conv1d and Linear layers only. Recurrent-cell operations are not included for LSTM/GRU.,,,,,,,,,
ms_atcn,full,122941.0,118.60461188107729,2.0712207555770874,503861.0,27608576.0,hyper_unsw/dropout/0p0/seed_42/efficiency.json,hyper_unsw,1.0,1.045571118593216,1.045571118593216,956.4150943127327,20.0,100.0,128.0,1.0690577328205109,0.008352013537660241,119731.60669470647,20.0,100.0,1875360.0,3750720.0,Conv1d and Linear layers only. Recurrent-cell operations are not included for LSTM/GRU.,,,,,,,,,
ms_atcn,full,122941.0,121.36364095658064,2.084014132618904,503861.0,30885376.0,hyper_unsw/dropout/0p3/seed_42/efficiency.json,hyper_unsw,1.0,1.0445289313793182,1.0445289313793182,957.3693652309688,20.0,100.0,128.0,1.0114666819572449,0.007902083452790976,126548.90396618185,20.0,100.0,1875360.0,3750720.0,Conv1d and Linear layers only. Recurrent-cell operations are not included for LSTM/GRU.,,,,,,,,,
ms_atcn,full,135343.0,1905.8454453349113,11.763076268136501,553461.0,31353856.0,order_sanity/cic_ids2017/shuffled/seed_42/efficiency.json,order_sanity,1.0,1.041630432009697,1.041630432009697,960.0333950215182,20.0,100.0,128.0,1.073368787765503,0.008385693654417992,119250.71928583407,20.0,100.0,2073792.0,4147584.0,Conv1d and Linear layers only. Recurrent-cell operations are not included for LSTM/GRU.,,,,,,,,,
ms_atcn,full,122623.0,399.1614599302411,0.5030407607555389,502645.0,30874112.0,order_sanity/nsl_kdd/shuffled/seed_42/efficiency.json,order_sanity,1.0,1.0285652428865433,1.0285652428865433,972.2280690660143,20.0,100.0,128.0,1.0445322096347809,0.008160407887771726,122542.89414852513,20.0,100.0,1870272.0,3740544.0,Conv1d and Linear layers only. Recurrent-cell operations are not included for LSTM/GRU.,,,,,,,,,
ms_atcn,full,122941.0,141.9591349735856,2.055245354771614,503861.0,30885376.0,order_sanity/unsw_nb15/shuffled/seed_42/efficiency.json,order_sanity,1.0,1.0198157280683517,1.0198157280683517,980.5693052941191,20.0,100.0,128.0,1.0305854678153992,0.008051448967307806,124201.24676445336,20.0,100.0,1875360.0,3750720.0,Conv1d and Linear layers only. Recurrent-cell operations are not included for LSTM/GRU.,,,,,,,,,
ms_atcn,full,135343.0,5695.987954057753,17.472895398736,553461.0,31353856.0,temporal_cic/ms_atcn/seed_42/efficiency.json,temporal_cic,1.0,0.9972959011793138,0.9972959011793138,1002.7114307975082,20.0,100.0,128.0,1.0145575553178787,0.007926230900920928,126163.36976554806,20.0,100.0,2073792.0,4147584.0,Conv1d and Linear layers only. Recurrent-cell operations are not included for LSTM/GRU.,,,,,,,,,
mlp,full,82082.0,1987.8425204232335,11.552977576851845,332025.0,20162560.0,temporal_cic/mlp/seed_42/efficiency.json,temporal_cic,1.0,0.07418930530548096,0.07418930530548096,13479.031726775342,20.0,100.0,128.0,0.08181095123291016,0.0006391480565071106,1564582.712595442,20.0,100.0,81984.0,163968.0,Conv1d and Linear layers only. Recurrent-cell operations are not included for LSTM/GRU.,,,,,,,,,
xgboost,full,,566.4605657681823,,,,temporal_cic/xgboost/seed_42/efficiency.json,temporal_cic,,,,,,,,,,,,,,,,0.6843908727169037,702703.0,0.0009739404452761745,1026756.825687053,274719.0,300.0,,1248.0,1666517.0
lightgbm,full,,360.56713934242725,,,,temporal_cic/lightgbm/seed_42/efficiency.json,temporal_cic,,,,,,,,,,,,,,,,0.8526657074689865,702703.0,0.00121340837803309,824124.8520312505,483344.0,300.0,9300.0,1248.0,1666517.0
